"filename", "language", "XML", "C#", "Docker", "JSON", "Markdown", "PowerShell", "Razor", "CSS", "SCSS", "JavaScript", "YAML", "HTML", "comment", "blank", "total"
"c:\Users\User\Desktop\UdemyMicroservices\Clients\FreeCourse.Web\Controllers\AuthController.cs", "C#", 0, 58, 0, 0, 0, 0, 0, 0, 0, 0, 0, 0, 0, 15, 73
"c:\Users\User\Desktop\UdemyMicroservices\Clients\FreeCourse.Web\Controllers\BasketController.cs", "C#", 0, 53, 0, 0, 0, 0, 0, 0, 0, 0, 0, 0, 0, 13, 66
"c:\Users\User\Desktop\UdemyMicroservices\Clients\FreeCourse.Web\Controllers\CoursesController.cs", "C#", 0, 81, 0, 0, 0, 0, 0, 0, 0, 0, 0, 0, 0, 22, 103
"c:\Users\User\Desktop\UdemyMicroservices\Clients\FreeCourse.Web\Controllers\HomeController.cs", "C#", 0, 36, 0, 0, 0, 0, 0, 0, 0, 0, 0, 0, 0, 7, 43
"c:\Users\User\Desktop\UdemyMicroservices\Clients\FreeCourse.Web\Controllers\OrderController.cs", "C#", 0, 51, 0, 0, 0, 0, 0, 0, 0, 0, 0, 0, 6, 17, 74
"c:\Users\User\Desktop\UdemyMicroservices\Clients\FreeCourse.Web\Controllers\ShopController.cs", "C#", 0, 25, 0, 0, 0, 0, 0, 0, 0, 0, 0, 0, 0, 9, 34
"c:\Users\User\Desktop\UdemyMicroservices\Clients\FreeCourse.Web\Controllers\UserController.cs", "C#", 0, 15, 0, 0, 0, 0, 0, 0, 0, 0, 0, 0, 0, 5, 20
"c:\Users\User\Desktop\UdemyMicroservices\Clients\FreeCourse.Web\Dockerfile", "Docker", 0, 0, 12, 0, 0, 0, 0, 0, 0, 0, 0, 0, 0, 3, 15
"c:\Users\User\Desktop\UdemyMicroservices\Clients\FreeCourse.Web\Exceptions\UnAuthorizeException.cs", "C#", 0, 7, 0, 0, 0, 0, 0, 0, 0, 0, 0, 0, 0, 4, 11
"c:\Users\User\Desktop\UdemyMicroservices\Clients\FreeCourse.Web\Extensions\ServiceExtension.cs", "C#", 0, 44, 0, 0, 0, 0, 0, 0, 0, 0, 0, 0, 4, 12, 60
"c:\Users\User\Desktop\UdemyMicroservices\Clients\FreeCourse.Web\FreeCourse.Web.csproj", "XML", 16, 0, 0, 0, 0, 0, 0, 0, 0, 0, 0, 0, 0, 5, 21
"c:\Users\User\Desktop\UdemyMicroservices\Clients\FreeCourse.Web\Handlers\ClientCredentialTokenHandler.cs", "C#", 0, 18, 0, 0, 0, 0, 0, 0, 0, 0, 0, 0, 0, 8, 26
"c:\Users\User\Desktop\UdemyMicroservices\Clients\FreeCourse.Web\Handlers\ResourceOwnerPasswordTokenHandler.cs", "C#", 0, 40, 0, 0, 0, 0, 0, 0, 0, 0, 0, 0, 0, 11, 51
"c:\Users\User\Desktop\UdemyMicroservices\Clients\FreeCourse.Web\Helpers\PhotoHelper.cs", "C#", 0, 11, 0, 0, 0, 0, 0, 0, 0, 0, 0, 0, 0, 5, 16
"c:\Users\User\Desktop\UdemyMicroservices\Clients\FreeCourse.Web\Models\Baskets\BasketItemViewModel.cs", "C#", 0, 12, 0, 0, 0, 0, 0, 0, 0, 0, 0, 0, 0, 3, 15
"c:\Users\User\Desktop\UdemyMicroservices\Clients\FreeCourse.Web\Models\Baskets\BasketViewModel.cs", "C#", 0, 40, 0, 0, 0, 0, 0, 0, 0, 0, 0, 0, 0, 7, 47
"c:\Users\User\Desktop\UdemyMicroservices\Clients\FreeCourse.Web\Models\Catalog\CategoryViewModel.cs", "C#", 0, 6, 0, 0, 0, 0, 0, 0, 0, 0, 0, 0, 0, 2, 8
"c:\Users\User\Desktop\UdemyMicroservices\Clients\FreeCourse.Web\Models\Catalog\CourseCreateInput.cs", "C#", 0, 14, 0, 0, 0, 0, 0, 0, 0, 0, 0, 0, 0, 3, 17
"c:\Users\User\Desktop\UdemyMicroservices\Clients\FreeCourse.Web\Models\Catalog\CourseUpdateInput.cs", "C#", 0, 15, 0, 0, 0, 0, 0, 0, 0, 0, 0, 0, 0, 3, 18
"c:\Users\User\Desktop\UdemyMicroservices\Clients\FreeCourse.Web\Models\Catalog\CourseViewModel.cs", "C#", 0, 16, 0, 0, 0, 0, 0, 0, 0, 0, 0, 0, 0, 2, 18
"c:\Users\User\Desktop\UdemyMicroservices\Clients\FreeCourse.Web\Models\Catalog\FeatureViewModel.cs", "C#", 0, 5, 0, 0, 0, 0, 0, 0, 0, 0, 0, 0, 0, 2, 7
"c:\Users\User\Desktop\UdemyMicroservices\Clients\FreeCourse.Web\Models\ClientSettings.cs", "C#", 0, 11, 0, 0, 0, 0, 0, 0, 0, 0, 0, 0, 0, 2, 13
"c:\Users\User\Desktop\UdemyMicroservices\Clients\FreeCourse.Web\Models\Discounts\DiscountApplyInput.cs", "C#", 0, 5, 0, 0, 0, 0, 0, 0, 0, 0, 0, 0, 0, 2, 7
"c:\Users\User\Desktop\UdemyMicroservices\Clients\FreeCourse.Web\Models\Discounts\DiscountViewModel.cs", "C#", 0, 7, 0, 0, 0, 0, 0, 0, 0, 0, 0, 0, 0, 2, 9
"c:\Users\User\Desktop\UdemyMicroservices\Clients\FreeCourse.Web\Models\ErrorViewModel.cs", "C#", 0, 8, 0, 0, 0, 0, 0, 0, 0, 0, 0, 0, 0, 1, 9
"c:\Users\User\Desktop\UdemyMicroservices\Clients\FreeCourse.Web\Models\Orders\AddressCreateInput.cs", "C#", 0, 9, 0, 0, 0, 0, 0, 0, 0, 0, 0, 0, 0, 2, 11
"c:\Users\User\Desktop\UdemyMicroservices\Clients\FreeCourse.Web\Models\Orders\CheckoutInfoInput.cs", "C#", 0, 14, 0, 0, 0, 0, 0, 0, 0, 0, 0, 0, 0, 2, 16
"c:\Users\User\Desktop\UdemyMicroservices\Clients\FreeCourse.Web\Models\Orders\OrderCreateInput.cs", "C#", 0, 11, 0, 0, 0, 0, 0, 0, 0, 0, 0, 0, 0, 2, 13
"c:\Users\User\Desktop\UdemyMicroservices\Clients\FreeCourse.Web\Models\Orders\OrderCreatedViewModel.cs", "C#", 0, 7, 0, 0, 0, 0, 0, 0, 0, 0, 0, 0, 0, 2, 9
"c:\Users\User\Desktop\UdemyMicroservices\Clients\FreeCourse.Web\Models\Orders\OrderItemCreateInput.cs", "C#", 0, 8, 0, 0, 0, 0, 0, 0, 0, 0, 0, 0, 0, 2, 10
"c:\Users\User\Desktop\UdemyMicroservices\Clients\FreeCourse.Web\Models\Orders\OrderItemViewModel.cs", "C#", 0, 8, 0, 0, 0, 0, 0, 0, 0, 0, 0, 0, 0, 2, 10
"c:\Users\User\Desktop\UdemyMicroservices\Clients\FreeCourse.Web\Models\Orders\OrderSuspendViewModel.cs", "C#", 0, 6, 0, 0, 0, 0, 0, 0, 0, 0, 0, 0, 0, 2, 8
"c:\Users\User\Desktop\UdemyMicroservices\Clients\FreeCourse.Web\Models\Orders\OrderViewModel.cs", "C#", 0, 12, 0, 0, 0, 0, 0, 0, 0, 0, 0, 0, 2, 3, 17
"c:\Users\User\Desktop\UdemyMicroservices\Clients\FreeCourse.Web\Models\Payments\PaymentInfoInput.cs", "C#", 0, 11, 0, 0, 0, 0, 0, 0, 0, 0, 0, 0, 0, 3, 14
"c:\Users\User\Desktop\UdemyMicroservices\Clients\FreeCourse.Web\Models\PhotoStocks\PhotoViewModel.cs", "C#", 0, 5, 0, 0, 0, 0, 0, 0, 0, 0, 0, 0, 0, 2, 7
"c:\Users\User\Desktop\UdemyMicroservices\Clients\FreeCourse.Web\Models\ServiceApiSettings.cs", "C#", 0, 17, 0, 0, 0, 0, 0, 0, 0, 0, 0, 0, 0, 3, 20
"c:\Users\User\Desktop\UdemyMicroservices\Clients\FreeCourse.Web\Models\SignInInput.cs", "C#", 0, 13, 0, 0, 0, 0, 0, 0, 0, 0, 0, 0, 0, 5, 18
"c:\Users\User\Desktop\UdemyMicroservices\Clients\FreeCourse.Web\Models\SignUpInput.cs", "C#", 0, 18, 0, 0, 0, 0, 0, 0, 0, 0, 0, 0, 0, 3, 21
"c:\Users\User\Desktop\UdemyMicroservices\Clients\FreeCourse.Web\Models\UserViewModel.cs", "C#", 0, 14, 0, 0, 0, 0, 0, 0, 0, 0, 0, 0, 0, 2, 16
"c:\Users\User\Desktop\UdemyMicroservices\Clients\FreeCourse.Web\Program.cs", "C#", 0, 41, 0, 0, 0, 0, 0, 0, 0, 0, 0, 0, 3, 17, 61
"c:\Users\User\Desktop\UdemyMicroservices\Clients\FreeCourse.Web\Properties\launchSettings.json", "JSON", 0, 0, 0, 37, 0, 0, 0, 0, 0, 0, 0, 0, 0, 1, 38
"c:\Users\User\Desktop\UdemyMicroservices\Clients\FreeCourse.Web\Services\BasketService.cs", "C#", 0, 77, 0, 0, 0, 0, 0, 0, 0, 0, 0, 0, 0, 25, 102
"c:\Users\User\Desktop\UdemyMicroservices\Clients\FreeCourse.Web\Services\CatalogService.cs", "C#", 0, 84, 0, 0, 0, 0, 0, 0, 0, 0, 0, 0, 4, 30, 118
"c:\Users\User\Desktop\UdemyMicroservices\Clients\FreeCourse.Web\Services\ClientCredentialTokenService.cs", "C#", 0, 47, 0, 0, 0, 0, 0, 0, 0, 0, 0, 0, 0, 13, 60
"c:\Users\User\Desktop\UdemyMicroservices\Clients\FreeCourse.Web\Services\DiscountService.cs", "C#", 0, 19, 0, 0, 0, 0, 0, 0, 0, 0, 0, 0, 0, 6, 25
"c:\Users\User\Desktop\UdemyMicroservices\Clients\FreeCourse.Web\Services\IdentityService.cs", "C#", 0, 155, 0, 0, 0, 0, 0, 0, 0, 0, 0, 0, 0, 43, 198
"c:\Users\User\Desktop\UdemyMicroservices\Clients\FreeCourse.Web\Services\Interfaces\IBasketService.cs", "C#", 0, 12, 0, 0, 0, 0, 0, 0, 0, 0, 0, 0, 0, 3, 15
"c:\Users\User\Desktop\UdemyMicroservices\Clients\FreeCourse.Web\Services\Interfaces\ICatalogService.cs", "C#", 0, 12, 0, 0, 0, 0, 0, 0, 0, 0, 0, 0, 0, 4, 16
"c:\Users\User\Desktop\UdemyMicroservices\Clients\FreeCourse.Web\Services\Interfaces\IClientCredentialTokenService.cs", "C#", 0, 5, 0, 0, 0, 0, 0, 0, 0, 0, 0, 0, 0, 2, 7
"c:\Users\User\Desktop\UdemyMicroservices\Clients\FreeCourse.Web\Services\Interfaces\IDiscountService.cs", "C#", 0, 6, 0, 0, 0, 0, 0, 0, 0, 0, 0, 0, 0, 3, 9
"c:\Users\User\Desktop\UdemyMicroservices\Clients\FreeCourse.Web\Services\Interfaces\IIdentityService.cs", "C#", 0, 11, 0, 0, 0, 0, 0, 0, 0, 0, 0, 0, 0, 3, 14
"c:\Users\User\Desktop\UdemyMicroservices\Clients\FreeCourse.Web\Services\Interfaces\IOrderService.cs", "C#", 0, 8, 0, 0, 0, 0, 0, 0, 0, 0, 0, 0, 10, 3, 21
"c:\Users\User\Desktop\UdemyMicroservices\Clients\FreeCourse.Web\Services\Interfaces\IPaymentService.cs", "C#", 0, 6, 0, 0, 0, 0, 0, 0, 0, 0, 0, 0, 0, 3, 9
"c:\Users\User\Desktop\UdemyMicroservices\Clients\FreeCourse.Web\Services\Interfaces\IPhotoStockService.cs", "C#", 0, 7, 0, 0, 0, 0, 0, 0, 0, 0, 0, 0, 0, 3, 10
"c:\Users\User\Desktop\UdemyMicroservices\Clients\FreeCourse.Web\Services\Interfaces\IUserService.cs", "C#", 0, 6, 0, 0, 0, 0, 0, 0, 0, 0, 0, 0, 0, 3, 9
"c:\Users\User\Desktop\UdemyMicroservices\Clients\FreeCourse.Web\Services\OrderService.cs", "C#", 0, 114, 0, 0, 0, 0, 0, 0, 0, 0, 0, 0, 0, 19, 133
"c:\Users\User\Desktop\UdemyMicroservices\Clients\FreeCourse.Web\Services\PaymentService.cs", "C#", 0, 16, 0, 0, 0, 0, 0, 0, 0, 0, 0, 0, 0, 5, 21
"c:\Users\User\Desktop\UdemyMicroservices\Clients\FreeCourse.Web\Services\PhotoStockService.cs", "C#", 0, 28, 0, 0, 0, 0, 0, 0, 0, 0, 0, 0, 1, 12, 41
"c:\Users\User\Desktop\UdemyMicroservices\Clients\FreeCourse.Web\Services\UserService.cs", "C#", 0, 11, 0, 0, 0, 0, 0, 0, 0, 0, 0, 0, 0, 5, 16
"c:\Users\User\Desktop\UdemyMicroservices\Clients\FreeCourse.Web\Validators\CourseCreateInputValidator.cs", "C#", 0, 26, 0, 0, 0, 0, 0, 0, 0, 0, 0, 0, 0, 7, 33
"c:\Users\User\Desktop\UdemyMicroservices\Clients\FreeCourse.Web\Validators\CourseUpdateInputValidator.cs", "C#", 0, 23, 0, 0, 0, 0, 0, 0, 0, 0, 0, 0, 0, 6, 29
"c:\Users\User\Desktop\UdemyMicroservices\Clients\FreeCourse.Web\Validators\DiscountApplyInputValidator.cs", "C#", 0, 12, 0, 0, 0, 0, 0, 0, 0, 0, 0, 0, 0, 3, 15
"c:\Users\User\Desktop\UdemyMicroservices\Clients\FreeCourse.Web\Views\Auth\SignIn.cshtml", "Razor", 0, 0, 0, 0, 0, 0, 40, 0, 0, 0, 0, 0, 0, 5, 45
"c:\Users\User\Desktop\UdemyMicroservices\Clients\FreeCourse.Web\Views\Auth\SignUp.cshtml", "Razor", 0, 0, 0, 0, 0, 0, 44, 0, 0, 0, 0, 0, 0, 3, 47
"c:\Users\User\Desktop\UdemyMicroservices\Clients\FreeCourse.Web\Views\Basket\Index.cshtml", "Razor", 0, 0, 0, 0, 0, 0, 334, 0, 0, 0, 0, 0, 0, 31, 365
"c:\Users\User\Desktop\UdemyMicroservices\Clients\FreeCourse.Web\Views\Courses\Create.cshtml", "Razor", 0, 0, 0, 0, 0, 0, 153, 0, 0, 0, 0, 0, 0, 10, 163
"c:\Users\User\Desktop\UdemyMicroservices\Clients\FreeCourse.Web\Views\Courses\Index.cshtml", "Razor", 0, 0, 0, 0, 0, 0, 154, 0, 0, 0, 0, 0, 0, 4, 158
"c:\Users\User\Desktop\UdemyMicroservices\Clients\FreeCourse.Web\Views\Courses\Update.cshtml", "Razor", 0, 0, 0, 0, 0, 0, 109, 0, 0, 0, 0, 0, 0, 7, 116
"c:\Users\User\Desktop\UdemyMicroservices\Clients\FreeCourse.Web\Views\Home\Detail.cshtml", "Razor", 0, 0, 0, 0, 0, 0, 121, 0, 0, 0, 0, 0, 0, 17, 138
"c:\Users\User\Desktop\UdemyMicroservices\Clients\FreeCourse.Web\Views\Home\Index.cshtml", "Razor", 0, 0, 0, 0, 0, 0, 664, 0, 0, 0, 0, 0, 0, 8, 672
"c:\Users\User\Desktop\UdemyMicroservices\Clients\FreeCourse.Web\Views\Home\Privacy.cshtml", "Razor", 0, 0, 0, 0, 0, 0, 5, 0, 0, 0, 0, 0, 0, 2, 7
"c:\Users\User\Desktop\UdemyMicroservices\Clients\FreeCourse.Web\Views\Order\Checkout.cshtml", "Razor", 0, 0, 0, 0, 0, 0, 298, 0, 0, 0, 0, 0, 0, 17, 315
"c:\Users\User\Desktop\UdemyMicroservices\Clients\FreeCourse.Web\Views\Order\CheckoutHistory.cshtml", "Razor", 0, 0, 0, 0, 0, 0, 203, 0, 0, 0, 0, 0, 0, 17, 220
"c:\Users\User\Desktop\UdemyMicroservices\Clients\FreeCourse.Web\Views\Order\SuccessfullCheckout.cshtml", "Razor", 0, 0, 0, 0, 0, 0, 78, 0, 0, 0, 0, 0, 0, 5, 83
"c:\Users\User\Desktop\UdemyMicroservices\Clients\FreeCourse.Web\Views\Shared\Error.cshtml", "Razor", 0, 0, 0, 0, 0, 0, 22, 0, 0, 0, 0, 0, 0, 4, 26
"c:\Users\User\Desktop\UdemyMicroservices\Clients\FreeCourse.Web\Views\Shared\_Layout.cshtml", "Razor", 0, 0, 0, 0, 0, 0, 794, 0, 0, 0, 0, 0, 2, 109, 905
"c:\Users\User\Desktop\UdemyMicroservices\Clients\FreeCourse.Web\Views\Shared\_Layout.cshtml.css", "CSS", 0, 0, 0, 0, 0, 0, 0, 38, 0, 0, 0, 0, 2, 9, 49
"c:\Users\User\Desktop\UdemyMicroservices\Clients\FreeCourse.Web\Views\Shared\_ValidationScriptsPartial.cshtml", "Razor", 0, 0, 0, 0, 0, 0, 2, 0, 0, 0, 0, 0, 0, 1, 3
"c:\Users\User\Desktop\UdemyMicroservices\Clients\FreeCourse.Web\Views\Shop\Index.cshtml", "Razor", 0, 0, 0, 0, 0, 0, 990, 0, 0, 0, 0, 0, 0, 31, 1021
"c:\Users\User\Desktop\UdemyMicroservices\Clients\FreeCourse.Web\Views\User\Index.cshtml", "Razor", 0, 0, 0, 0, 0, 0, 458, 0, 0, 0, 0, 0, 0, 7, 465
"c:\Users\User\Desktop\UdemyMicroservices\Clients\FreeCourse.Web\Views\_ViewImports.cshtml", "Razor", 0, 0, 0, 0, 0, 0, 6, 0, 0, 0, 0, 0, 0, 1, 7
"c:\Users\User\Desktop\UdemyMicroservices\Clients\FreeCourse.Web\Views\_ViewStart.cshtml", "Razor", 0, 0, 0, 0, 0, 0, 3, 0, 0, 0, 0, 0, 0, 1, 4
"c:\Users\User\Desktop\UdemyMicroservices\Clients\FreeCourse.Web\appsettings.Development.json", "JSON", 0, 0, 0, 8, 0, 0, 0, 0, 0, 0, 0, 0, 0, 1, 9
"c:\Users\User\Desktop\UdemyMicroservices\Clients\FreeCourse.Web\appsettings.json", "JSON", 0, 0, 0, 42, 0, 0, 0, 0, 0, 0, 0, 0, 0, 1, 43
"c:\Users\User\Desktop\UdemyMicroservices\Clients\FreeCourse.Web\wwwroot\assets\css\theme.css", "CSS", 0, 0, 0, 0, 0, 0, 0, 2, 0, 0, 0, 0, 2, 0, 4
"c:\Users\User\Desktop\UdemyMicroservices\Clients\FreeCourse.Web\wwwroot\assets\js\components\hs.header.js", "JavaScript", 0, 0, 0, 0, 0, 0, 0, 0, 0, 143, 0, 0, 0, 0, 143
"c:\Users\User\Desktop\UdemyMicroservices\Clients\FreeCourse.Web\wwwroot\assets\js\components\hs.malihu-scrollbar.js", "JavaScript", 0, 0, 0, 0, 0, 0, 0, 0, 0, 3, 0, 0, 0, 0, 3
"c:\Users\User\Desktop\UdemyMicroservices\Clients\FreeCourse.Web\wwwroot\assets\js\components\hs.selectpicker.js", "JavaScript", 0, 0, 0, 0, 0, 0, 0, 0, 0, 1, 0, 0, 0, 0, 1
"c:\Users\User\Desktop\UdemyMicroservices\Clients\FreeCourse.Web\wwwroot\assets\js\components\hs.show-animation.js", "JavaScript", 0, 0, 0, 0, 0, 0, 0, 0, 0, 1, 0, 0, 0, 0, 1
"c:\Users\User\Desktop\UdemyMicroservices\Clients\FreeCourse.Web\wwwroot\assets\js\components\hs.slick-carousel.js", "JavaScript", 0, 0, 0, 0, 0, 0, 0, 0, 0, 23, 0, 0, 0, 0, 23
"c:\Users\User\Desktop\UdemyMicroservices\Clients\FreeCourse.Web\wwwroot\assets\js\components\hs.unfold.js", "JavaScript", 0, 0, 0, 0, 0, 0, 0, 0, 0, 20, 0, 0, 0, 0, 20
"c:\Users\User\Desktop\UdemyMicroservices\Clients\FreeCourse.Web\wwwroot\assets\js\hs.core.js", "JavaScript", 0, 0, 0, 0, 0, 0, 0, 0, 0, 4, 0, 0, 0, 0, 4
"c:\Users\User\Desktop\UdemyMicroservices\Clients\FreeCourse.Web\wwwroot\assets\vendor\animate.css\animate.css", "CSS", 0, 0, 0, 0, 0, 0, 0, 2, 0, 0, 0, 0, 3, 0, 5
"c:\Users\User\Desktop\UdemyMicroservices\Clients\FreeCourse.Web\wwwroot\assets\vendor\bootstrap-select\dist\css\bootstrap-select.min.css", "CSS", 0, 0, 0, 0, 0, 0, 0, 1, 0, 0, 0, 0, 5, 0, 6
"c:\Users\User\Desktop\UdemyMicroservices\Clients\FreeCourse.Web\wwwroot\assets\vendor\bootstrap-select\dist\js\bootstrap-select.min.js", "JavaScript", 0, 0, 0, 0, 0, 0, 0, 0, 0, 1, 0, 0, 7, 1, 9
"c:\Users\User\Desktop\UdemyMicroservices\Clients\FreeCourse.Web\wwwroot\assets\vendor\bootstrap\bootstrap.min.js", "JavaScript", 0, 0, 0, 0, 0, 0, 0, 0, 0, 1, 0, 0, 6, 0, 7
"c:\Users\User\Desktop\UdemyMicroservices\Clients\FreeCourse.Web\wwwroot\assets\vendor\flaticon\font\Flaticon.html", "HTML", 0, 0, 0, 0, 0, 0, 0, 0, 0, 0, 0, 58, 0, 0, 58
"c:\Users\User\Desktop\UdemyMicroservices\Clients\FreeCourse.Web\wwwroot\assets\vendor\flaticon\font\Flaticon.svg", "XML", 439, 0, 0, 0, 0, 0, 0, 0, 0, 0, 0, 0, 3, 2, 444
"c:\Users\User\Desktop\UdemyMicroservices\Clients\FreeCourse.Web\wwwroot\assets\vendor\flaticon\font\flaticon.css", "CSS", 0, 0, 0, 0, 0, 0, 0, 1, 0, 0, 0, 0, 0, 0, 1
"c:\Users\User\Desktop\UdemyMicroservices\Clients\FreeCourse.Web\wwwroot\assets\vendor\font-awesome\css\fontawesome-all.min.css", "CSS", 0, 0, 0, 0, 0, 0, 0, 1, 0, 0, 0, 0, 4, 0, 5
"c:\Users\User\Desktop\UdemyMicroservices\Clients\FreeCourse.Web\wwwroot\assets\vendor\hs-megamenu\src\hs.megamenu.css", "CSS", 0, 0, 0, 0, 0, 0, 0, 1, 0, 0, 0, 0, 0, 0, 1
"c:\Users\User\Desktop\UdemyMicroservices\Clients\FreeCourse.Web\wwwroot\assets\vendor\hs-megamenu\src\hs.megamenu.js", "JavaScript", 0, 0, 0, 0, 0, 0, 0, 0, 0, 43, 0, 0, 0, 0, 43
"c:\Users\User\Desktop\UdemyMicroservices\Clients\FreeCourse.Web\wwwroot\assets\vendor\jquery-migrate\dist\jquery-migrate.min.js", "JavaScript", 0, 0, 0, 0, 0, 0, 0, 0, 0, 213, 0, 0, 1, 1, 215
"c:\Users\User\Desktop\UdemyMicroservices\Clients\FreeCourse.Web\wwwroot\assets\vendor\jquery\dist\jquery.min.js", "JavaScript", 0, 0, 0, 0, 0, 0, 0, 0, 0, 1, 0, 0, 1, 1, 3
"c:\Users\User\Desktop\UdemyMicroservices\Clients\FreeCourse.Web\wwwroot\assets\vendor\malihu-custom-scrollbar-plugin\jquery.mCustomScrollbar.concat.min.js", "JavaScript", 0, 0, 0, 0, 0, 0, 0, 0, 0, 1, 0, 0, 0, 0, 1
"c:\Users\User\Desktop\UdemyMicroservices\Clients\FreeCourse.Web\wwwroot\assets\vendor\malihu-custom-scrollbar-plugin\jquery.mCustomScrollbar.css", "CSS", 0, 0, 0, 0, 0, 0, 0, 1, 0, 0, 0, 0, 0, 0, 1
"c:\Users\User\Desktop\UdemyMicroservices\Clients\FreeCourse.Web\wwwroot\assets\vendor\multilevel-sliding-mobile-menu\dist\jquery.zeynep.js", "JavaScript", 0, 0, 0, 0, 0, 0, 0, 0, 0, 4, 0, 0, 5, 0, 9
"c:\Users\User\Desktop\UdemyMicroservices\Clients\FreeCourse.Web\wwwroot\assets\vendor\popper.js\dist\umd\popper.min.js", "JavaScript", 0, 0, 0, 0, 0, 0, 0, 0, 0, 1, 0, 0, 4, 1, 6
"c:\Users\User\Desktop\UdemyMicroservices\Clients\FreeCourse.Web\wwwroot\assets\vendor\slick-carousel\slick\slick.css", "CSS", 0, 0, 0, 0, 0, 0, 0, 1, 0, 0, 0, 0, 0, 0, 1
"c:\Users\User\Desktop\UdemyMicroservices\Clients\FreeCourse.Web\wwwroot\assets\vendor\slick-carousel\slick\slick.js", "JavaScript", 0, 0, 0, 0, 0, 0, 0, 0, 0, 156, 0, 0, 0, 0, 156
"c:\Users\User\Desktop\UdemyMicroservices\Clients\FreeCourse.Web\wwwroot\assets\vendor\slick-carousel\slick\slick.min.js", "JavaScript", 0, 0, 0, 0, 0, 0, 0, 0, 0, 1, 0, 0, 0, 1, 2
"c:\Users\User\Desktop\UdemyMicroservices\Gateways\FreeCourse.Gateway\DelegateHandlers\TokenExchangeDelegateHandler.cs", "C#", 0, 48, 0, 0, 0, 0, 0, 0, 0, 0, 0, 0, 0, 12, 60
"c:\Users\User\Desktop\UdemyMicroservices\Gateways\FreeCourse.Gateway\Dockerfile", "Docker", 0, 0, 11, 0, 0, 0, 0, 0, 0, 0, 0, 0, 0, 3, 14
"c:\Users\User\Desktop\UdemyMicroservices\Gateways\FreeCourse.Gateway\FreeCourse.Gateway.csproj", "XML", 12, 0, 0, 0, 0, 0, 0, 0, 0, 0, 0, 0, 0, 4, 16
"c:\Users\User\Desktop\UdemyMicroservices\Gateways\FreeCourse.Gateway\Program.cs", "C#", 0, 16, 0, 0, 0, 0, 0, 0, 0, 0, 0, 0, 0, 10, 26
"c:\Users\User\Desktop\UdemyMicroservices\Gateways\FreeCourse.Gateway\Properties\launchSettings.json", "JSON", 0, 0, 0, 37, 0, 0, 0, 0, 0, 0, 0, 0, 0, 1, 38
"c:\Users\User\Desktop\UdemyMicroservices\Gateways\FreeCourse.Gateway\appsettings.Development.json", "JSON", 0, 0, 0, 8, 0, 0, 0, 0, 0, 0, 0, 0, 0, 1, 9
"c:\Users\User\Desktop\UdemyMicroservices\Gateways\FreeCourse.Gateway\appsettings.json", "JSON", 0, 0, 0, 13, 0, 0, 0, 0, 0, 0, 0, 0, 0, 1, 14
"c:\Users\User\Desktop\UdemyMicroservices\Gateways\FreeCourse.Gateway\configuration.development.json", "JSON", 0, 0, 0, 109, 0, 0, 0, 0, 0, 0, 0, 0, 0, 0, 109
"c:\Users\User\Desktop\UdemyMicroservices\Gateways\FreeCourse.Gateway\configuration.production.json", "JSON", 0, 0, 0, 109, 0, 0, 0, 0, 0, 0, 0, 0, 0, 0, 109
"c:\Users\User\Desktop\UdemyMicroservices\IdentityServer\FreeCourse.IdentityServer\Config.cs", "C#", 0, 78, 0, 0, 0, 0, 0, 0, 0, 0, 0, 0, 2, 9, 89
"c:\Users\User\Desktop\UdemyMicroservices\IdentityServer\FreeCourse.IdentityServer\Controllers\UserController.cs", "C#", 0, 47, 0, 0, 0, 0, 0, 0, 0, 0, 0, 0, 0, 11, 58
"c:\Users\User\Desktop\UdemyMicroservices\IdentityServer\FreeCourse.IdentityServer\DTOs\SignUpDto.cs", "C#", 0, 15, 0, 0, 0, 0, 0, 0, 0, 0, 0, 0, 0, 2, 17
"c:\Users\User\Desktop\UdemyMicroservices\IdentityServer\FreeCourse.IdentityServer\Data\ApplicationDbContext.cs", "C#", 0, 17, 0, 0, 0, 0, 0, 0, 0, 0, 0, 0, 3, 3, 23
"c:\Users\User\Desktop\UdemyMicroservices\IdentityServer\FreeCourse.IdentityServer\Dockerfile", "Docker", 0, 0, 12, 0, 0, 0, 0, 0, 0, 0, 0, 0, 0, 3, 15
"c:\Users\User\Desktop\UdemyMicroservices\IdentityServer\FreeCourse.IdentityServer\FreeCourse.IdentityServer.csproj", "XML", 22, 0, 0, 0, 0, 0, 0, 0, 0, 0, 0, 0, 0, 7, 29
"c:\Users\User\Desktop\UdemyMicroservices\IdentityServer\FreeCourse.IdentityServer\Migrations\20230321132650_initial.Designer.cs", "C#", 0, 209, 0, 0, 0, 0, 0, 0, 0, 0, 0, 0, 1, 67, 277
"c:\Users\User\Desktop\UdemyMicroservices\IdentityServer\FreeCourse.IdentityServer\Migrations\20230321132650_initial.cs", "C#", 0, 199, 0, 0, 0, 0, 0, 0, 0, 0, 0, 0, 0, 22, 221
"c:\Users\User\Desktop\UdemyMicroservices\IdentityServer\FreeCourse.IdentityServer\Migrations\ApplicationDbContextModelSnapshot.cs", "C#", 0, 207, 0, 0, 0, 0, 0, 0, 0, 0, 0, 0, 1, 67, 275
"c:\Users\User\Desktop\UdemyMicroservices\IdentityServer\FreeCourse.IdentityServer\Models\ApplicationUser.cs", "C#", 0, 8, 0, 0, 0, 0, 0, 0, 0, 0, 0, 0, 1, 2, 11
"c:\Users\User\Desktop\UdemyMicroservices\IdentityServer\FreeCourse.IdentityServer\Program.cs", "C#", 0, 62, 0, 0, 0, 0, 0, 0, 0, 0, 0, 0, 9, 10, 81
"c:\Users\User\Desktop\UdemyMicroservices\IdentityServer\FreeCourse.IdentityServer\Properties\launchSettings.json", "JSON", 0, 0, 0, 12, 0, 0, 0, 0, 0, 0, 0, 0, 0, 0, 12
"c:\Users\User\Desktop\UdemyMicroservices\IdentityServer\FreeCourse.IdentityServer\Quickstart\Account\AccountController.cs", "C#", 0, 241, 0, 0, 0, 0, 0, 0, 0, 0, 0, 0, 54, 48, 343
"c:\Users\User\Desktop\UdemyMicroservices\IdentityServer\FreeCourse.IdentityServer\Quickstart\Account\AccountOptions.cs", "C#", 0, 13, 0, 0, 0, 0, 0, 0, 0, 0, 0, 0, 2, 6, 21
"c:\Users\User\Desktop\UdemyMicroservices\IdentityServer\FreeCourse.IdentityServer\Quickstart\Account\ExternalController.cs", "C#", 0, 185, 0, 0, 0, 0, 0, 0, 0, 0, 0, 0, 38, 34, 257
"c:\Users\User\Desktop\UdemyMicroservices\IdentityServer\FreeCourse.IdentityServer\Quickstart\Account\ExternalProvider.cs", "C#", 0, 8, 0, 0, 0, 0, 0, 0, 0, 0, 0, 0, 2, 2, 12
"c:\Users\User\Desktop\UdemyMicroservices\IdentityServer\FreeCourse.IdentityServer\Quickstart\Account\LoggedOutViewModel.cs", "C#", 0, 13, 0, 0, 0, 0, 0, 0, 0, 0, 0, 0, 2, 4, 19
"c:\Users\User\Desktop\UdemyMicroservices\IdentityServer\FreeCourse.IdentityServer\Quickstart\Account\LoginInputModel.cs", "C#", 0, 13, 0, 0, 0, 0, 0, 0, 0, 0, 0, 0, 2, 3, 18
"c:\Users\User\Desktop\UdemyMicroservices\IdentityServer\FreeCourse.IdentityServer\Quickstart\Account\LoginViewModel.cs", "C#", 0, 15, 0, 0, 0, 0, 0, 0, 0, 0, 0, 0, 2, 5, 22
"c:\Users\User\Desktop\UdemyMicroservices\IdentityServer\FreeCourse.IdentityServer\Quickstart\Account\LogoutInputModel.cs", "C#", 0, 7, 0, 0, 0, 0, 0, 0, 0, 0, 0, 0, 2, 3, 12
"c:\Users\User\Desktop\UdemyMicroservices\IdentityServer\FreeCourse.IdentityServer\Quickstart\Account\LogoutViewModel.cs", "C#", 0, 7, 0, 0, 0, 0, 0, 0, 0, 0, 0, 0, 2, 3, 12
"c:\Users\User\Desktop\UdemyMicroservices\IdentityServer\FreeCourse.IdentityServer\Quickstart\Account\RedirectViewModel.cs", "C#", 0, 7, 0, 0, 0, 0, 0, 0, 0, 0, 0, 0, 2, 3, 12
"c:\Users\User\Desktop\UdemyMicroservices\IdentityServer\FreeCourse.IdentityServer\Quickstart\Consent\ConsentController.cs", "C#", 0, 201, 0, 0, 0, 0, 0, 0, 0, 0, 0, 0, 27, 34, 262
"c:\Users\User\Desktop\UdemyMicroservices\IdentityServer\FreeCourse.IdentityServer\Quickstart\Consent\ConsentInputModel.cs", "C#", 0, 12, 0, 0, 0, 0, 0, 0, 0, 0, 0, 0, 2, 3, 17
"c:\Users\User\Desktop\UdemyMicroservices\IdentityServer\FreeCourse.IdentityServer\Quickstart\Consent\ConsentOptions.cs", "C#", 0, 11, 0, 0, 0, 0, 0, 0, 0, 0, 0, 0, 2, 4, 17
"c:\Users\User\Desktop\UdemyMicroservices\IdentityServer\FreeCourse.IdentityServer\Quickstart\Consent\ConsentViewModel.cs", "C#", 0, 13, 0, 0, 0, 0, 0, 0, 0, 0, 0, 0, 2, 5, 20
"c:\Users\User\Desktop\UdemyMicroservices\IdentityServer\FreeCourse.IdentityServer\Quickstart\Consent\ProcessConsentResult.cs", "C#", 0, 14, 0, 0, 0, 0, 0, 0, 0, 0, 0, 0, 2, 6, 22
"c:\Users\User\Desktop\UdemyMicroservices\IdentityServer\FreeCourse.IdentityServer\Quickstart\Consent\ScopeViewModel.cs", "C#", 0, 12, 0, 0, 0, 0, 0, 0, 0, 0, 0, 0, 2, 3, 17
"c:\Users\User\Desktop\UdemyMicroservices\IdentityServer\FreeCourse.IdentityServer\Quickstart\Device\DeviceAuthorizationInputModel.cs", "C#", 0, 7, 0, 0, 0, 0, 0, 0, 0, 0, 0, 0, 2, 2, 11
"c:\Users\User\Desktop\UdemyMicroservices\IdentityServer\FreeCourse.IdentityServer\Quickstart\Device\DeviceAuthorizationViewModel.cs", "C#", 0, 8, 0, 0, 0, 0, 0, 0, 0, 0, 0, 0, 2, 2, 12
"c:\Users\User\Desktop\UdemyMicroservices\IdentityServer\FreeCourse.IdentityServer\Quickstart\Device\DeviceController.cs", "C#", 0, 189, 0, 0, 0, 0, 0, 0, 0, 0, 0, 0, 11, 32, 232
"c:\Users\User\Desktop\UdemyMicroservices\IdentityServer\FreeCourse.IdentityServer\Quickstart\Diagnostics\DiagnosticsController.cs", "C#", 0, 23, 0, 0, 0, 0, 0, 0, 0, 0, 0, 0, 2, 4, 29
"c:\Users\User\Desktop\UdemyMicroservices\IdentityServer\FreeCourse.IdentityServer\Quickstart\Diagnostics\DiagnosticsViewModel.cs", "C#", 0, 24, 0, 0, 0, 0, 0, 0, 0, 0, 0, 0, 2, 6, 32
"c:\Users\User\Desktop\UdemyMicroservices\IdentityServer\FreeCourse.IdentityServer\Quickstart\Extensions.cs", "C#", 0, 20, 0, 0, 0, 0, 0, 0, 0, 0, 0, 0, 4, 4, 28
"c:\Users\User\Desktop\UdemyMicroservices\IdentityServer\FreeCourse.IdentityServer\Quickstart\Grants\GrantsController.cs", "C#", 0, 74, 0, 0, 0, 0, 0, 0, 0, 0, 0, 0, 11, 12, 97
"c:\Users\User\Desktop\UdemyMicroservices\IdentityServer\FreeCourse.IdentityServer\Quickstart\Grants\GrantsViewModel.cs", "C#", 0, 21, 0, 0, 0, 0, 0, 0, 0, 0, 0, 0, 2, 4, 27
"c:\Users\User\Desktop\UdemyMicroservices\IdentityServer\FreeCourse.IdentityServer\Quickstart\Home\ErrorViewModel.cs", "C#", 0, 15, 0, 0, 0, 0, 0, 0, 0, 0, 0, 0, 2, 5, 22
"c:\Users\User\Desktop\UdemyMicroservices\IdentityServer\FreeCourse.IdentityServer\Quickstart\Home\HomeController.cs", "C#", 0, 47, 0, 0, 0, 0, 0, 0, 0, 0, 0, 0, 8, 10, 65
"c:\Users\User\Desktop\UdemyMicroservices\IdentityServer\FreeCourse.IdentityServer\Quickstart\SecurityHeadersAttribute.cs", "C#", 0, 37, 0, 0, 0, 0, 0, 0, 0, 0, 0, 0, 12, 8, 57
"c:\Users\User\Desktop\UdemyMicroservices\IdentityServer\FreeCourse.IdentityServer\Quickstart\TestUsers.cs", "C#", 0, 38, 0, 0, 0, 0, 0, 0, 0, 0, 0, 0, 2, 3, 43
"c:\Users\User\Desktop\UdemyMicroservices\IdentityServer\FreeCourse.IdentityServer\SeedData.cs", "C#", 0, 96, 0, 0, 0, 0, 0, 0, 0, 0, 0, 0, 2, 10, 108
"c:\Users\User\Desktop\UdemyMicroservices\IdentityServer\FreeCourse.IdentityServer\Services\IdentityResourceOwnerPasswordValidator.cs", "C#", 0, 37, 0, 0, 0, 0, 0, 0, 0, 0, 0, 0, 0, 10, 47
"c:\Users\User\Desktop\UdemyMicroservices\IdentityServer\FreeCourse.IdentityServer\Services\TokenExchangeExtensionGrantValidator.cs", "C#", 0, 39, 0, 0, 0, 0, 0, 0, 0, 0, 0, 0, 0, 8, 47
"c:\Users\User\Desktop\UdemyMicroservices\IdentityServer\FreeCourse.IdentityServer\Startup.cs", "C#", 0, 74, 0, 0, 0, 0, 0, 0, 0, 0, 0, 0, 7, 18, 99
"c:\Users\User\Desktop\UdemyMicroservices\IdentityServer\FreeCourse.IdentityServer\Views\Account\AccessDenied.cshtml", "Razor", 0, 0, 0, 0, 0, 0, 6, 0, 0, 0, 0, 0, 0, 1, 7
"c:\Users\User\Desktop\UdemyMicroservices\IdentityServer\FreeCourse.IdentityServer\Views\Account\LoggedOut.cshtml", "Razor", 0, 0, 0, 0, 0, 0, 29, 0, 0, 0, 0, 0, 0, 6, 35
"c:\Users\User\Desktop\UdemyMicroservices\IdentityServer\FreeCourse.IdentityServer\Views\Account\Login.cshtml", "Razor", 0, 0, 0, 0, 0, 0, 82, 0, 0, 0, 0, 0, 0, 10, 92
"c:\Users\User\Desktop\UdemyMicroservices\IdentityServer\FreeCourse.IdentityServer\Views\Account\Logout.cshtml", "Razor", 0, 0, 0, 0, 0, 0, 13, 0, 0, 0, 0, 0, 0, 3, 16
"c:\Users\User\Desktop\UdemyMicroservices\IdentityServer\FreeCourse.IdentityServer\Views\Consent\Index.cshtml", "Razor", 0, 0, 0, 0, 0, 0, 97, 0, 0, 0, 0, 0, 0, 8, 105
"c:\Users\User\Desktop\UdemyMicroservices\IdentityServer\FreeCourse.IdentityServer\Views\Device\Success.cshtml", "Razor", 0, 0, 0, 0, 0, 0, 6, 0, 0, 0, 0, 0, 0, 2, 8
"c:\Users\User\Desktop\UdemyMicroservices\IdentityServer\FreeCourse.IdentityServer\Views\Device\UserCodeCapture.cshtml", "Razor", 0, 0, 0, 0, 0, 0, 19, 0, 0, 0, 0, 0, 0, 5, 24
"c:\Users\User\Desktop\UdemyMicroservices\IdentityServer\FreeCourse.IdentityServer\Views\Device\UserCodeConfirmation.cshtml", "Razor", 0, 0, 0, 0, 0, 0, 101, 0, 0, 0, 0, 0, 0, 8, 109
"c:\Users\User\Desktop\UdemyMicroservices\IdentityServer\FreeCourse.IdentityServer\Views\Diagnostics\Index.cshtml", "Razor", 0, 0, 0, 0, 0, 0, 57, 0, 0, 0, 0, 0, 0, 8, 65
"c:\Users\User\Desktop\UdemyMicroservices\IdentityServer\FreeCourse.IdentityServer\Views\Grants\Index.cshtml", "Razor", 0, 0, 0, 0, 0, 0, 83, 0, 0, 0, 0, 0, 0, 4, 87
"c:\Users\User\Desktop\UdemyMicroservices\IdentityServer\FreeCourse.IdentityServer\Views\Home\Index.cshtml", "Razor", 0, 0, 0, 0, 0, 0, 29, 0, 0, 0, 0, 0, 0, 4, 33
"c:\Users\User\Desktop\UdemyMicroservices\IdentityServer\FreeCourse.IdentityServer\Views\Shared\Error.cshtml", "Razor", 0, 0, 0, 0, 0, 0, 34, 0, 0, 0, 0, 0, 0, 7, 41
"c:\Users\User\Desktop\UdemyMicroservices\IdentityServer\FreeCourse.IdentityServer\Views\Shared\Redirect.cshtml", "Razor", 0, 0, 0, 0, 0, 0, 9, 0, 0, 0, 0, 0, 0, 3, 12
"c:\Users\User\Desktop\UdemyMicroservices\IdentityServer\FreeCourse.IdentityServer\Views\Shared\_Layout.cshtml", "Razor", 0, 0, 0, 0, 0, 0, 22, 0, 0, 0, 0, 0, 0, 7, 29
"c:\Users\User\Desktop\UdemyMicroservices\IdentityServer\FreeCourse.IdentityServer\Views\Shared\_Nav.cshtml", "Razor", 0, 0, 0, 0, 0, 0, 27, 0, 0, 0, 0, 0, 0, 7, 34
"c:\Users\User\Desktop\UdemyMicroservices\IdentityServer\FreeCourse.IdentityServer\Views\Shared\_ScopeListItem.cshtml", "Razor", 0, 0, 0, 0, 0, 0, 33, 0, 0, 0, 0, 0, 0, 1, 34
"c:\Users\User\Desktop\UdemyMicroservices\IdentityServer\FreeCourse.IdentityServer\Views\Shared\_ValidationSummary.cshtml", "Razor", 0, 0, 0, 0, 0, 0, 7, 0, 0, 0, 0, 0, 0, 0, 7
"c:\Users\User\Desktop\UdemyMicroservices\IdentityServer\FreeCourse.IdentityServer\Views\_ViewImports.cshtml", "Razor", 0, 0, 0, 0, 0, 0, 2, 0, 0, 0, 0, 0, 0, 1, 3
"c:\Users\User\Desktop\UdemyMicroservices\IdentityServer\FreeCourse.IdentityServer\Views\_ViewStart.cshtml", "Razor", 0, 0, 0, 0, 0, 0, 3, 0, 0, 0, 0, 0, 0, 1, 4
"c:\Users\User\Desktop\UdemyMicroservices\IdentityServer\FreeCourse.IdentityServer\appsettings.json", "JSON", 0, 0, 0, 5, 0, 0, 0, 0, 0, 0, 0, 0, 0, 0, 5
"c:\Users\User\Desktop\UdemyMicroservices\IdentityServer\FreeCourse.IdentityServer\updateUI.ps1", "PowerShell", 0, 0, 0, 0, 0, 1, 0, 0, 0, 0, 0, 0, 171, 1, 173
"c:\Users\User\Desktop\UdemyMicroservices\IdentityServer\FreeCourse.IdentityServer\wwwroot\css\site.css", "CSS", 0, 0, 0, 0, 0, 0, 0, 21, 0, 0, 0, 0, 0, 4, 25
"c:\Users\User\Desktop\UdemyMicroservices\IdentityServer\FreeCourse.IdentityServer\wwwroot\css\site.min.css", "CSS", 0, 0, 0, 0, 0, 0, 0, 1, 0, 0, 0, 0, 0, 0, 1
"c:\Users\User\Desktop\UdemyMicroservices\IdentityServer\FreeCourse.IdentityServer\wwwroot\css\site.scss", "SCSS", 0, 0, 0, 0, 0, 0, 0, 0, 34, 0, 0, 0, 0, 9, 43
"c:\Users\User\Desktop\UdemyMicroservices\IdentityServer\FreeCourse.IdentityServer\wwwroot\js\signin-redirect.js", "JavaScript", 0, 0, 0, 0, 0, 0, 0, 0, 0, 1, 0, 0, 0, 1, 2
"c:\Users\User\Desktop\UdemyMicroservices\IdentityServer\FreeCourse.IdentityServer\wwwroot\js\signout-redirect.js", "JavaScript", 0, 0, 0, 0, 0, 0, 0, 0, 0, 6, 0, 0, 0, 1, 7
"c:\Users\User\Desktop\UdemyMicroservices\IdentityServer\FreeCourse.IdentityServer\wwwroot\lib\bootstrap\README.md", "Markdown", 0, 0, 0, 0, 144, 0, 0, 0, 0, 0, 0, 0, 0, 66, 210
"c:\Users\User\Desktop\UdemyMicroservices\IdentityServer\FreeCourse.IdentityServer\wwwroot\lib\bootstrap\dist\css\bootstrap-grid.css", "CSS", 0, 0, 0, 0, 0, 0, 0, 3681, 0, 0, 0, 0, 7, 211, 3899
"c:\Users\User\Desktop\UdemyMicroservices\IdentityServer\FreeCourse.IdentityServer\wwwroot\lib\bootstrap\dist\css\bootstrap-grid.min.css", "CSS", 0, 0, 0, 0, 0, 0, 0, 1, 0, 0, 0, 0, 6, 0, 7
"c:\Users\User\Desktop\UdemyMicroservices\IdentityServer\FreeCourse.IdentityServer\wwwroot\lib\bootstrap\dist\css\bootstrap-reboot.css", "CSS", 0, 0, 0, 0, 0, 0, 0, 264, 0, 0, 0, 0, 8, 55, 327
"c:\Users\User\Desktop\UdemyMicroservices\IdentityServer\FreeCourse.IdentityServer\wwwroot\lib\bootstrap\dist\css\bootstrap-reboot.min.css", "CSS", 0, 0, 0, 0, 0, 0, 0, 1, 0, 0, 0, 0, 7, 0, 8
"c:\Users\User\Desktop\UdemyMicroservices\IdentityServer\FreeCourse.IdentityServer\wwwroot\lib\bootstrap\dist\css\bootstrap.css", "CSS", 0, 0, 0, 0, 0, 0, 0, 9016, 0, 0, 0, 0, 7, 1201, 10224
"c:\Users\User\Desktop\UdemyMicroservices\IdentityServer\FreeCourse.IdentityServer\wwwroot\lib\bootstrap\dist\css\bootstrap.min.css", "CSS", 0, 0, 0, 0, 0, 0, 0, 1, 0, 0, 0, 0, 6, 0, 7
"c:\Users\User\Desktop\UdemyMicroservices\IdentityServer\FreeCourse.IdentityServer\wwwroot\lib\bootstrap\dist\js\bootstrap.bundle.js", "JavaScript", 0, 0, 0, 0, 0, 0, 0, 0, 0, 4586, 0, 0, 1375, 1174, 7135
"c:\Users\User\Desktop\UdemyMicroservices\IdentityServer\FreeCourse.IdentityServer\wwwroot\lib\bootstrap\dist\js\bootstrap.bundle.min.js", "JavaScript", 0, 0, 0, 0, 0, 0, 0, 0, 0, 1, 0, 0, 6, 0, 7
"c:\Users\User\Desktop\UdemyMicroservices\IdentityServer\FreeCourse.IdentityServer\wwwroot\lib\bootstrap\dist\js\bootstrap.js", "JavaScript", 0, 0, 0, 0, 0, 0, 0, 0, 0, 3347, 0, 0, 325, 850, 4522
"c:\Users\User\Desktop\UdemyMicroservices\IdentityServer\FreeCourse.IdentityServer\wwwroot\lib\bootstrap\dist\js\bootstrap.min.js", "JavaScript", 0, 0, 0, 0, 0, 0, 0, 0, 0, 1, 0, 0, 6, 0, 7
"c:\Users\User\Desktop\UdemyMicroservices\IdentityServer\FreeCourse.IdentityServer\wwwroot\lib\bootstrap\scss\_alert.scss", "SCSS", 0, 0, 0, 0, 0, 0, 0, 0, 28, 0, 0, 0, 13, 11, 52
"c:\Users\User\Desktop\UdemyMicroservices\IdentityServer\FreeCourse.IdentityServer\wwwroot\lib\bootstrap\scss\_badge.scss", "SCSS", 0, 0, 0, 0, 0, 0, 0, 0, 34, 0, 0, 0, 12, 9, 55
"c:\Users\User\Desktop\UdemyMicroservices\IdentityServer\FreeCourse.IdentityServer\wwwroot\lib\bootstrap\scss\_breadcrumb.scss", "SCSS", 0, 0, 0, 0, 0, 0, 0, 0, 30, 0, 0, 0, 8, 5, 43
"c:\Users\User\Desktop\UdemyMicroservices\IdentityServer\FreeCourse.IdentityServer\wwwroot\lib\bootstrap\scss\_button-group.scss", "SCSS", 0, 0, 0, 0, 0, 0, 0, 0, 101, 0, 0, 0, 31, 32, 164
"c:\Users\User\Desktop\UdemyMicroservices\IdentityServer\FreeCourse.IdentityServer\wwwroot\lib\bootstrap\scss\_buttons.scss", "SCSS", 0, 0, 0, 0, 0, 0, 0, 0, 89, 0, 0, 0, 22, 29, 140
"c:\Users\User\Desktop\UdemyMicroservices\IdentityServer\FreeCourse.IdentityServer\wwwroot\lib\bootstrap\scss\_card.scss", "SCSS", 0, 0, 0, 0, 0, 0, 0, 0, 194, 0, 0, 0, 35, 50, 279
"c:\Users\User\Desktop\UdemyMicroservices\IdentityServer\FreeCourse.IdentityServer\wwwroot\lib\bootstrap\scss\_carousel.scss", "SCSS", 0, 0, 0, 0, 0, 0, 0, 0, 142, 0, 0, 0, 30, 26, 198
"c:\Users\User\Desktop\UdemyMicroservices\IdentityServer\FreeCourse.IdentityServer\wwwroot\lib\bootstrap\scss\_close.scss", "SCSS", 0, 0, 0, 0, 0, 0, 0, 0, 27, 0, 0, 0, 8, 7, 42
"c:\Users\User\Desktop\UdemyMicroservices\IdentityServer\FreeCourse.IdentityServer\wwwroot\lib\bootstrap\scss\_code.scss", "SCSS", 0, 0, 0, 0, 0, 0, 0, 0, 36, 0, 0, 0, 6, 7, 49
"c:\Users\User\Desktop\UdemyMicroservices\IdentityServer\FreeCourse.IdentityServer\wwwroot\lib\bootstrap\scss\_custom-forms.scss", "SCSS", 0, 0, 0, 0, 0, 0, 0, 0, 398, 0, 0, 0, 48, 76, 522
"c:\Users\User\Desktop\UdemyMicroservices\IdentityServer\FreeCourse.IdentityServer\wwwroot\lib\bootstrap\scss\_dropdown.scss", "SCSS", 0, 0, 0, 0, 0, 0, 0, 0, 152, 0, 0, 0, 16, 24, 192
"c:\Users\User\Desktop\UdemyMicroservices\IdentityServer\FreeCourse.IdentityServer\wwwroot\lib\bootstrap\scss\_forms.scss", "SCSS", 0, 0, 0, 0, 0, 0, 0, 0, 211, 0, 0, 0, 73, 55, 339
"c:\Users\User\Desktop\UdemyMicroservices\IdentityServer\FreeCourse.IdentityServer\wwwroot\lib\bootstrap\scss\_functions.scss", "SCSS", 0, 0, 0, 0, 0, 0, 0, 0, 89, 0, 0, 0, 21, 25, 135
"c:\Users\User\Desktop\UdemyMicroservices\IdentityServer\FreeCourse.IdentityServer\wwwroot\lib\bootstrap\scss\_grid.scss", "SCSS", 0, 0, 0, 0, 0, 0, 0, 0, 43, 0, 0, 0, 14, 13, 70
"c:\Users\User\Desktop\UdemyMicroservices\IdentityServer\FreeCourse.IdentityServer\wwwroot\lib\bootstrap\scss\_images.scss", "SCSS", 0, 0, 0, 0, 0, 0, 0, 0, 22, 0, 0, 0, 13, 8, 43
"c:\Users\User\Desktop\UdemyMicroservices\IdentityServer\FreeCourse.IdentityServer\wwwroot\lib\bootstrap\scss\_input-group.scss", "SCSS", 0, 0, 0, 0, 0, 0, 0, 0, 129, 0, 0, 0, 30, 33, 192
"c:\Users\User\Desktop\UdemyMicroservices\IdentityServer\FreeCourse.IdentityServer\wwwroot\lib\bootstrap\scss\_jumbotron.scss", "SCSS", 0, 0, 0, 0, 0, 0, 0, 0, 15, 0, 0, 0, 0, 3, 18
"c:\Users\User\Desktop\UdemyMicroservices\IdentityServer\FreeCourse.IdentityServer\wwwroot\lib\bootstrap\scss\_list-group.scss", "SCSS", 0, 0, 0, 0, 0, 0, 0, 0, 101, 0, 0, 0, 24, 34, 159
"c:\Users\User\Desktop\UdemyMicroservices\IdentityServer\FreeCourse.IdentityServer\wwwroot\lib\bootstrap\scss\_media.scss", "SCSS", 0, 0, 0, 0, 0, 0, 0, 0, 7, 0, 0, 0, 0, 2, 9
"c:\Users\User\Desktop\UdemyMicroservices\IdentityServer\FreeCourse.IdentityServer\wwwroot\lib\bootstrap\scss\_mixins.scss", "SCSS", 0, 0, 0, 0, 0, 0, 0, 0, 32, 0, 0, 0, 9, 7, 48
"c:\Users\User\Desktop\UdemyMicroservices\IdentityServer\FreeCourse.IdentityServer\wwwroot\lib\bootstrap\scss\_modal.scss", "SCSS", 0, 0, 0, 0, 0, 0, 0, 0, 166, 0, 0, 0, 38, 36, 240
"c:\Users\User\Desktop\UdemyMicroservices\IdentityServer\FreeCourse.IdentityServer\wwwroot\lib\bootstrap\scss\_nav.scss", "SCSS", 0, 0, 0, 0, 0, 0, 0, 0, 78, 0, 0, 0, 19, 24, 121
"c:\Users\User\Desktop\UdemyMicroservices\IdentityServer\FreeCourse.IdentityServer\wwwroot\lib\bootstrap\scss\_navbar.scss", "SCSS", 0, 0, 0, 0, 0, 0, 0, 0, 218, 0, 0, 0, 46, 61, 325
"c:\Users\User\Desktop\UdemyMicroservices\IdentityServer\FreeCourse.IdentityServer\wwwroot\lib\bootstrap\scss\_pagination.scss", "SCSS", 0, 0, 0, 0, 0, 0, 0, 0, 59, 0, 0, 0, 4, 11, 74
"c:\Users\User\Desktop\UdemyMicroservices\IdentityServer\FreeCourse.IdentityServer\wwwroot\lib\bootstrap\scss\_popover.scss", "SCSS", 0, 0, 0, 0, 0, 0, 0, 0, 141, 0, 0, 0, 5, 25, 171
"c:\Users\User\Desktop\UdemyMicroservices\IdentityServer\FreeCourse.IdentityServer\wwwroot\lib\bootstrap\scss\_print.scss", "SCSS", 0, 0, 0, 0, 0, 0, 0, 0, 84, 0, 0, 0, 33, 25, 142
"c:\Users\User\Desktop\UdemyMicroservices\IdentityServer\FreeCourse.IdentityServer\wwwroot\lib\bootstrap\scss\_progress.scss", "SCSS", 0, 0, 0, 0, 0, 0, 0, 0, 40, 0, 0, 0, 1, 6, 47
"c:\Users\User\Desktop\UdemyMicroservices\IdentityServer\FreeCourse.IdentityServer\wwwroot\lib\bootstrap\scss\_reboot.scss", "SCSS", 0, 0, 0, 0, 0, 0, 0, 0, 262, 0, 0, 0, 137, 84, 483
"c:\Users\User\Desktop\UdemyMicroservices\IdentityServer\FreeCourse.IdentityServer\wwwroot\lib\bootstrap\scss\_root.scss", "SCSS", 0, 0, 0, 0, 0, 0, 0, 0, 13, 0, 0, 0, 4, 4, 21
"c:\Users\User\Desktop\UdemyMicroservices\IdentityServer\FreeCourse.IdentityServer\wwwroot\lib\bootstrap\scss\_spinners.scss", "SCSS", 0, 0, 0, 0, 0, 0, 0, 0, 40, 0, 0, 0, 8, 8, 56
"c:\Users\User\Desktop\UdemyMicroservices\IdentityServer\FreeCourse.IdentityServer\wwwroot\lib\bootstrap\scss\_tables.scss", "SCSS", 0, 0, 0, 0, 0, 0, 0, 0, 121, 0, 0, 0, 28, 37, 186
"c:\Users\User\Desktop\UdemyMicroservices\IdentityServer\FreeCourse.IdentityServer\wwwroot\lib\bootstrap\scss\_toasts.scss", "SCSS", 0, 0, 0, 0, 0, 0, 0, 0, 38, 0, 0, 0, 0, 7, 45
"c:\Users\User\Desktop\UdemyMicroservices\IdentityServer\FreeCourse.IdentityServer\wwwroot\lib\bootstrap\scss\_tooltip.scss", "SCSS", 0, 0, 0, 0, 0, 0, 0, 0, 93, 0, 0, 0, 5, 18, 116
"c:\Users\User\Desktop\UdemyMicroservices\IdentityServer\FreeCourse.IdentityServer\wwwroot\lib\bootstrap\scss\_transitions.scss", "SCSS", 0, 0, 0, 0, 0, 0, 0, 0, 17, 0, 0, 0, 0, 4, 21
"c:\Users\User\Desktop\UdemyMicroservices\IdentityServer\FreeCourse.IdentityServer\wwwroot\lib\bootstrap\scss\_type.scss", "SCSS", 0, 0, 0, 0, 0, 0, 0, 0, 82, 0, 0, 0, 20, 24, 126
"c:\Users\User\Desktop\UdemyMicroservices\IdentityServer\FreeCourse.IdentityServer\wwwroot\lib\bootstrap\scss\_utilities.scss", "SCSS", 0, 0, 0, 0, 0, 0, 0, 0, 17, 0, 0, 0, 0, 1, 18
"c:\Users\User\Desktop\UdemyMicroservices\IdentityServer\FreeCourse.IdentityServer\wwwroot\lib\bootstrap\scss\_variables.scss", "SCSS", 0, 0, 0, 0, 0, 0, 0, 0, 770, 0, 0, 0, 102, 272, 1144
"c:\Users\User\Desktop\UdemyMicroservices\IdentityServer\FreeCourse.IdentityServer\wwwroot\lib\bootstrap\scss\bootstrap-grid.scss", "SCSS", 0, 0, 0, 0, 0, 0, 0, 0, 18, 0, 0, 0, 6, 6, 30
"c:\Users\User\Desktop\UdemyMicroservices\IdentityServer\FreeCourse.IdentityServer\wwwroot\lib\bootstrap\scss\bootstrap-reboot.scss", "SCSS", 0, 0, 0, 0, 0, 0, 0, 0, 4, 0, 0, 0, 7, 2, 13
"c:\Users\User\Desktop\UdemyMicroservices\IdentityServer\FreeCourse.IdentityServer\wwwroot\lib\bootstrap\scss\bootstrap.scss", "SCSS", 0, 0, 0, 0, 0, 0, 0, 0, 37, 0, 0, 0, 6, 2, 45
"c:\Users\User\Desktop\UdemyMicroservices\IdentityServer\FreeCourse.IdentityServer\wwwroot\lib\bootstrap\scss\mixins\_alert.scss", "SCSS", 0, 0, 0, 0, 0, 0, 0, 0, 11, 0, 0, 0, 0, 3, 14
"c:\Users\User\Desktop\UdemyMicroservices\IdentityServer\FreeCourse.IdentityServer\wwwroot\lib\bootstrap\scss\mixins\_background-variant.scss", "SCSS", 0, 0, 0, 0, 0, 0, 0, 0, 17, 0, 0, 0, 2, 4, 23
"c:\Users\User\Desktop\UdemyMicroservices\IdentityServer\FreeCourse.IdentityServer\wwwroot\lib\bootstrap\scss\mixins\_badge.scss", "SCSS", 0, 0, 0, 0, 0, 0, 0, 0, 15, 0, 0, 0, 0, 3, 18
"c:\Users\User\Desktop\UdemyMicroservices\IdentityServer\FreeCourse.IdentityServer\wwwroot\lib\bootstrap\scss\mixins\_border-radius.scss", "SCSS", 0, 0, 0, 0, 0, 0, 0, 0, 52, 0, 0, 0, 2, 10, 64
"c:\Users\User\Desktop\UdemyMicroservices\IdentityServer\FreeCourse.IdentityServer\wwwroot\lib\bootstrap\scss\mixins\_box-shadow.scss", "SCSS", 0, 0, 0, 0, 0, 0, 0, 0, 17, 0, 0, 0, 2, 2, 21
"c:\Users\User\Desktop\UdemyMicroservices\IdentityServer\FreeCourse.IdentityServer\wwwroot\lib\bootstrap\scss\mixins\_breakpoints.scss", "SCSS", 0, 0, 0, 0, 0, 0, 0, 0, 69, 0, 0, 0, 44, 11, 124
"c:\Users\User\Desktop\UdemyMicroservices\IdentityServer\FreeCourse.IdentityServer\wwwroot\lib\bootstrap\scss\mixins\_buttons.scss", "SCSS", 0, 0, 0, 0, 0, 0, 0, 0, 86, 0, 0, 0, 11, 14, 111
"c:\Users\User\Desktop\UdemyMicroservices\IdentityServer\FreeCourse.IdentityServer\wwwroot\lib\bootstrap\scss\mixins\_caret.scss", "SCSS", 0, 0, 0, 0, 0, 0, 0, 0, 55, 0, 0, 0, 0, 8, 63
"c:\Users\User\Desktop\UdemyMicroservices\IdentityServer\FreeCourse.IdentityServer\wwwroot\lib\bootstrap\scss\mixins\_clearfix.scss", "SCSS", 0, 0, 0, 0, 0, 0, 0, 0, 7, 0, 0, 0, 0, 1, 8
"c:\Users\User\Desktop\UdemyMicroservices\IdentityServer\FreeCourse.IdentityServer\wwwroot\lib\bootstrap\scss\mixins\_deprecate.scss", "SCSS", 0, 0, 0, 0, 0, 0, 0, 0, 5, 0, 0, 0, 5, 1, 11
"c:\Users\User\Desktop\UdemyMicroservices\IdentityServer\FreeCourse.IdentityServer\wwwroot\lib\bootstrap\scss\mixins\_float.scss", "SCSS", 0, 0, 0, 0, 0, 0, 0, 0, 12, 0, 0, 0, 1, 2, 15
"c:\Users\User\Desktop\UdemyMicroservices\IdentityServer\FreeCourse.IdentityServer\wwwroot\lib\bootstrap\scss\mixins\_forms.scss", "SCSS", 0, 0, 0, 0, 0, 0, 0, 0, 140, 0, 0, 0, 17, 21, 178
"c:\Users\User\Desktop\UdemyMicroservices\IdentityServer\FreeCourse.IdentityServer\wwwroot\lib\bootstrap\scss\mixins\_gradients.scss", "SCSS", 0, 0, 0, 0, 0, 0, 0, 0, 34, 0, 0, 0, 7, 5, 46
"c:\Users\User\Desktop\UdemyMicroservices\IdentityServer\FreeCourse.IdentityServer\wwwroot\lib\bootstrap\scss\mixins\_grid-framework.scss", "SCSS", 0, 0, 0, 0, 0, 0, 0, 0, 52, 0, 0, 0, 8, 12, 72
"c:\Users\User\Desktop\UdemyMicroservices\IdentityServer\FreeCourse.IdentityServer\wwwroot\lib\bootstrap\scss\mixins\_grid.scss", "SCSS", 0, 0, 0, 0, 0, 0, 0, 0, 45, 0, 0, 0, 15, 10, 70
"c:\Users\User\Desktop\UdemyMicroservices\IdentityServer\FreeCourse.IdentityServer\wwwroot\lib\bootstrap\scss\mixins\_hover.scss", "SCSS", 0, 0, 0, 0, 0, 0, 0, 0, 23, 0, 0, 0, 10, 5, 38
"c:\Users\User\Desktop\UdemyMicroservices\IdentityServer\FreeCourse.IdentityServer\wwwroot\lib\bootstrap\scss\mixins\_image.scss", "SCSS", 0, 0, 0, 0, 0, 0, 0, 0, 13, 0, 0, 0, 16, 8, 37
"c:\Users\User\Desktop\UdemyMicroservices\IdentityServer\FreeCourse.IdentityServer\wwwroot\lib\bootstrap\scss\mixins\_list-group.scss", "SCSS", 0, 0, 0, 0, 0, 0, 0, 0, 17, 0, 0, 0, 1, 4, 22
"c:\Users\User\Desktop\UdemyMicroservices\IdentityServer\FreeCourse.IdentityServer\wwwroot\lib\bootstrap\scss\mixins\_lists.scss", "SCSS", 0, 0, 0, 0, 0, 0, 0, 0, 4, 0, 0, 0, 2, 2, 8
"c:\Users\User\Desktop\UdemyMicroservices\IdentityServer\FreeCourse.IdentityServer\wwwroot\lib\bootstrap\scss\mixins\_nav-divider.scss", "SCSS", 0, 0, 0, 0, 0, 0, 0, 0, 7, 0, 0, 0, 3, 2, 12
"c:\Users\User\Desktop\UdemyMicroservices\IdentityServer\FreeCourse.IdentityServer\wwwroot\lib\bootstrap\scss\mixins\_pagination.scss", "SCSS", 0, 0, 0, 0, 0, 0, 0, 0, 19, 0, 0, 0, 1, 3, 23
"c:\Users\User\Desktop\UdemyMicroservices\IdentityServer\FreeCourse.IdentityServer\wwwroot\lib\bootstrap\scss\mixins\_reset-text.scss", "SCSS", 0, 0, 0, 0, 0, 0, 0, 0, 16, 0, 0, 0, 1, 1, 18
"c:\Users\User\Desktop\UdemyMicroservices\IdentityServer\FreeCourse.IdentityServer\wwwroot\lib\bootstrap\scss\mixins\_resize.scss", "SCSS", 0, 0, 0, 0, 0, 0, 0, 0, 4, 0, 0, 0, 1, 2, 7
"c:\Users\User\Desktop\UdemyMicroservices\IdentityServer\FreeCourse.IdentityServer\wwwroot\lib\bootstrap\scss\mixins\_screen-reader.scss", "SCSS", 0, 0, 0, 0, 0, 0, 0, 0, 22, 0, 0, 0, 9, 4, 35
"c:\Users\User\Desktop\UdemyMicroservices\IdentityServer\FreeCourse.IdentityServer\wwwroot\lib\bootstrap\scss\mixins\_size.scss", "SCSS", 0, 0, 0, 0, 0, 0, 0, 0, 5, 0, 0, 0, 1, 2, 8
"c:\Users\User\Desktop\UdemyMicroservices\IdentityServer\FreeCourse.IdentityServer\wwwroot\lib\bootstrap\scss\mixins\_table-row.scss", "SCSS", 0, 0, 0, 0, 0, 0, 0, 0, 29, 0, 0, 0, 5, 6, 40
"c:\Users\User\Desktop\UdemyMicroservices\IdentityServer\FreeCourse.IdentityServer\wwwroot\lib\bootstrap\scss\mixins\_text-emphasis.scss", "SCSS", 0, 0, 0, 0, 0, 0, 0, 0, 13, 0, 0, 0, 2, 3, 18
"c:\Users\User\Desktop\UdemyMicroservices\IdentityServer\FreeCourse.IdentityServer\wwwroot\lib\bootstrap\scss\mixins\_text-hide.scss", "SCSS", 0, 0, 0, 0, 0, 0, 0, 0, 8, 0, 0, 0, 2, 2, 12
"c:\Users\User\Desktop\UdemyMicroservices\IdentityServer\FreeCourse.IdentityServer\wwwroot\lib\bootstrap\scss\mixins\_text-truncate.scss", "SCSS", 0, 0, 0, 0, 0, 0, 0, 0, 5, 0, 0, 0, 2, 2, 9
"c:\Users\User\Desktop\UdemyMicroservices\IdentityServer\FreeCourse.IdentityServer\wwwroot\lib\bootstrap\scss\mixins\_transition.scss", "SCSS", 0, 0, 0, 0, 0, 0, 0, 0, 14, 0, 0, 0, 1, 2, 17
"c:\Users\User\Desktop\UdemyMicroservices\IdentityServer\FreeCourse.IdentityServer\wwwroot\lib\bootstrap\scss\mixins\_visibility.scss", "SCSS", 0, 0, 0, 0, 0, 0, 0, 0, 4, 0, 0, 0, 2, 3, 9
"c:\Users\User\Desktop\UdemyMicroservices\IdentityServer\FreeCourse.IdentityServer\wwwroot\lib\bootstrap\scss\utilities\_align.scss", "SCSS", 0, 0, 0, 0, 0, 0, 0, 0, 6, 0, 0, 0, 1, 2, 9
"c:\Users\User\Desktop\UdemyMicroservices\IdentityServer\FreeCourse.IdentityServer\wwwroot\lib\bootstrap\scss\utilities\_background.scss", "SCSS", 0, 0, 0, 0, 0, 0, 0, 0, 14, 0, 0, 0, 1, 5, 20
"c:\Users\User\Desktop\UdemyMicroservices\IdentityServer\FreeCourse.IdentityServer\wwwroot\lib\bootstrap\scss\utilities\_borders.scss", "SCSS", 0, 0, 0, 0, 0, 0, 0, 0, 52, 0, 0, 0, 7, 17, 76
"c:\Users\User\Desktop\UdemyMicroservices\IdentityServer\FreeCourse.IdentityServer\wwwroot\lib\bootstrap\scss\utilities\_clearfix.scss", "SCSS", 0, 0, 0, 0, 0, 0, 0, 0, 3, 0, 0, 0, 0, 1, 4
"c:\Users\User\Desktop\UdemyMicroservices\IdentityServer\FreeCourse.IdentityServer\wwwroot\lib\bootstrap\scss\utilities\_display.scss", "SCSS", 0, 0, 0, 0, 0, 0, 0, 0, 13, 0, 0, 0, 7, 7, 27
"c:\Users\User\Desktop\UdemyMicroservices\IdentityServer\FreeCourse.IdentityServer\wwwroot\lib\bootstrap\scss\utilities\_embed.scss", "SCSS", 0, 0, 0, 0, 0, 0, 0, 0, 33, 0, 0, 0, 1, 6, 40
"c:\Users\User\Desktop\UdemyMicroservices\IdentityServer\FreeCourse.IdentityServer\wwwroot\lib\bootstrap\scss\utilities\_flex.scss", "SCSS", 0, 0, 0, 0, 0, 0, 0, 0, 39, 0, 0, 0, 4, 9, 52
"c:\Users\User\Desktop\UdemyMicroservices\IdentityServer\FreeCourse.IdentityServer\wwwroot\lib\bootstrap\scss\utilities\_float.scss", "SCSS", 0, 0, 0, 0, 0, 0, 0, 0, 8, 0, 0, 0, 1, 3, 12
"c:\Users\User\Desktop\UdemyMicroservices\IdentityServer\FreeCourse.IdentityServer\wwwroot\lib\bootstrap\scss\utilities\_overflow.scss", "SCSS", 0, 0, 0, 0, 0, 0, 0, 0, 3, 0, 0, 0, 1, 2, 6
"c:\Users\User\Desktop\UdemyMicroservices\IdentityServer\FreeCourse.IdentityServer\wwwroot\lib\bootstrap\scss\utilities\_position.scss", "SCSS", 0, 0, 0, 0, 0, 0, 0, 0, 24, 0, 0, 0, 3, 6, 33
"c:\Users\User\Desktop\UdemyMicroservices\IdentityServer\FreeCourse.IdentityServer\wwwroot\lib\bootstrap\scss\utilities\_screenreaders.scss", "SCSS", 0, 0, 0, 0, 0, 0, 0, 0, 6, 0, 0, 0, 3, 3, 12
"c:\Users\User\Desktop\UdemyMicroservices\IdentityServer\FreeCourse.IdentityServer\wwwroot\lib\bootstrap\scss\utilities\_shadows.scss", "SCSS", 0, 0, 0, 0, 0, 0, 0, 0, 4, 0, 0, 0, 1, 2, 7
"c:\Users\User\Desktop\UdemyMicroservices\IdentityServer\FreeCourse.IdentityServer\wwwroot\lib\bootstrap\scss\utilities\_sizing.scss", "SCSS", 0, 0, 0, 0, 0, 0, 0, 0, 11, 0, 0, 0, 3, 7, 21
"c:\Users\User\Desktop\UdemyMicroservices\IdentityServer\FreeCourse.IdentityServer\wwwroot\lib\bootstrap\scss\utilities\_spacing.scss", "SCSS", 0, 0, 0, 0, 0, 0, 0, 0, 64, 0, 0, 0, 4, 6, 74
"c:\Users\User\Desktop\UdemyMicroservices\IdentityServer\FreeCourse.IdentityServer\wwwroot\lib\bootstrap\scss\utilities\_stretched-link.scss", "SCSS", 0, 0, 0, 0, 0, 0, 0, 0, 13, 0, 0, 0, 5, 2, 20
"c:\Users\User\Desktop\UdemyMicroservices\IdentityServer\FreeCourse.IdentityServer\wwwroot\lib\bootstrap\scss\utilities\_text.scss", "SCSS", 0, 0, 0, 0, 0, 0, 0, 0, 39, 0, 0, 0, 11, 23, 73
"c:\Users\User\Desktop\UdemyMicroservices\IdentityServer\FreeCourse.IdentityServer\wwwroot\lib\bootstrap\scss\utilities\_visibility.scss", "SCSS", 0, 0, 0, 0, 0, 0, 0, 0, 6, 0, 0, 0, 4, 4, 14
"c:\Users\User\Desktop\UdemyMicroservices\IdentityServer\FreeCourse.IdentityServer\wwwroot\lib\bootstrap\scss\vendor\_rfs.scss", "SCSS", 0, 0, 0, 0, 0, 0, 0, 0, 126, 0, 0, 0, 43, 36, 205
"c:\Users\User\Desktop\UdemyMicroservices\IdentityServer\FreeCourse.IdentityServer\wwwroot\lib\jquery\README.md", "Markdown", 0, 0, 0, 0, 39, 0, 0, 0, 0, 0, 0, 0, 0, 24, 63
"c:\Users\User\Desktop\UdemyMicroservices\IdentityServer\FreeCourse.IdentityServer\wwwroot\lib\jquery\dist\jquery.js", "JavaScript", 0, 0, 0, 0, 0, 0, 0, 0, 0, 6906, 0, 0, 1890, 2077, 10873
"c:\Users\User\Desktop\UdemyMicroservices\IdentityServer\FreeCourse.IdentityServer\wwwroot\lib\jquery\dist\jquery.min.js", "JavaScript", 0, 0, 0, 0, 0, 0, 0, 0, 0, 1, 0, 0, 1, 1, 3
"c:\Users\User\Desktop\UdemyMicroservices\IdentityServer\FreeCourse.IdentityServer\wwwroot\lib\jquery\dist\jquery.slim.js", "JavaScript", 0, 0, 0, 0, 0, 0, 0, 0, 0, 5522, 0, 0, 1561, 1695, 8778
"c:\Users\User\Desktop\UdemyMicroservices\IdentityServer\FreeCourse.IdentityServer\wwwroot\lib\jquery\dist\jquery.slim.min.js", "JavaScript", 0, 0, 0, 0, 0, 0, 0, 0, 0, 1, 0, 0, 1, 1, 3
"c:\Users\User\Desktop\UdemyMicroservices\README.md", "Markdown", 0, 0, 0, 0, 1, 0, 0, 0, 0, 0, 0, 0, 0, 0, 1
"c:\Users\User\Desktop\UdemyMicroservices\Services\Basket\FreeCourse.Services.Basket\Controllers\BasketsController.cs", "C#", 0, 30, 0, 0, 0, 0, 0, 0, 0, 0, 0, 0, 0, 8, 38
"c:\Users\User\Desktop\UdemyMicroservices\Services\Basket\FreeCourse.Services.Basket\DTOs\BasketDto.cs", "C#", 0, 12, 0, 0, 0, 0, 0, 0, 0, 0, 0, 0, 0, 2, 14
"c:\Users\User\Desktop\UdemyMicroservices\Services\Basket\FreeCourse.Services.Basket\DTOs\BasketItemDto.cs", "C#", 0, 8, 0, 0, 0, 0, 0, 0, 0, 0, 0, 0, 0, 2, 10
"c:\Users\User\Desktop\UdemyMicroservices\Services\Basket\FreeCourse.Services.Basket\Dockerfile", "Docker", 0, 0, 12, 0, 0, 0, 0, 0, 0, 0, 0, 0, 0, 3, 15
"c:\Users\User\Desktop\UdemyMicroservices\Services\Basket\FreeCourse.Services.Basket\FreeCourse.Services.Basket.csproj", "XML", 16, 0, 0, 0, 0, 0, 0, 0, 0, 0, 0, 0, 0, 5, 21
"c:\Users\User\Desktop\UdemyMicroservices\Services\Basket\FreeCourse.Services.Basket\Program.cs", "C#", 0, 44, 0, 0, 0, 0, 0, 0, 0, 0, 0, 0, 4, 20, 68
"c:\Users\User\Desktop\UdemyMicroservices\Services\Basket\FreeCourse.Services.Basket\Properties\launchSettings.json", "JSON", 0, 0, 0, 41, 0, 0, 0, 0, 0, 0, 0, 0, 0, 1, 42
"c:\Users\User\Desktop\UdemyMicroservices\Services\Basket\FreeCourse.Services.Basket\Services\BasketService.cs", "C#", 0, 27, 0, 0, 0, 0, 0, 0, 0, 0, 0, 0, 0, 11, 38
"c:\Users\User\Desktop\UdemyMicroservices\Services\Basket\FreeCourse.Services.Basket\Services\IBasketService.cs", "C#", 0, 9, 0, 0, 0, 0, 0, 0, 0, 0, 0, 0, 0, 3, 12
"c:\Users\User\Desktop\UdemyMicroservices\Services\Basket\FreeCourse.Services.Basket\Services\RedisService.cs", "C#", 0, 15, 0, 0, 0, 0, 0, 0, 0, 0, 0, 0, 0, 5, 20
"c:\Users\User\Desktop\UdemyMicroservices\Services\Basket\FreeCourse.Services.Basket\Settings\RedisSettings.cs", "C#", 0, 6, 0, 0, 0, 0, 0, 0, 0, 0, 0, 0, 0, 2, 8
"c:\Users\User\Desktop\UdemyMicroservices\Services\Basket\FreeCourse.Services.Basket\appsettings.Development.json", "JSON", 0, 0, 0, 8, 0, 0, 0, 0, 0, 0, 0, 0, 0, 1, 9
"c:\Users\User\Desktop\UdemyMicroservices\Services\Basket\FreeCourse.Services.Basket\appsettings.json", "JSON", 0, 0, 0, 14, 0, 0, 0, 0, 0, 0, 0, 0, 0, 1, 15
"c:\Users\User\Desktop\UdemyMicroservices\Services\Catalog\FreeCourse.Services.Catalog\Controllers\CategoriesController.cs", "C#", 0, 31, 0, 0, 0, 0, 0, 0, 0, 0, 0, 0, 0, 8, 39
"c:\Users\User\Desktop\UdemyMicroservices\Services\Catalog\FreeCourse.Services.Catalog\Controllers\CoursesController.cs", "C#", 0, 50, 0, 0, 0, 0, 0, 0, 0, 0, 0, 0, 0, 11, 61
"c:\Users\User\Desktop\UdemyMicroservices\Services\Catalog\FreeCourse.Services.Catalog\DTOs\CategoryDto.cs", "C#", 0, 6, 0, 0, 0, 0, 0, 0, 0, 0, 0, 0, 0, 2, 8
"c:\Users\User\Desktop\UdemyMicroservices\Services\Catalog\FreeCourse.Services.Catalog\DTOs\CourseCreateDto.cs", "C#", 0, 11, 0, 0, 0, 0, 0, 0, 0, 0, 0, 0, 0, 2, 13
"c:\Users\User\Desktop\UdemyMicroservices\Services\Catalog\FreeCourse.Services.Catalog\DTOs\CourseDto.cs", "C#", 0, 14, 0, 0, 0, 0, 0, 0, 0, 0, 0, 0, 0, 2, 16
"c:\Users\User\Desktop\UdemyMicroservices\Services\Catalog\FreeCourse.Services.Catalog\DTOs\CourseUpdateDto.cs", "C#", 0, 12, 0, 0, 0, 0, 0, 0, 0, 0, 0, 0, 0, 2, 14
"c:\Users\User\Desktop\UdemyMicroservices\Services\Catalog\FreeCourse.Services.Catalog\DTOs\FeatureDto.cs", "C#", 0, 5, 0, 0, 0, 0, 0, 0, 0, 0, 0, 0, 0, 2, 7
"c:\Users\User\Desktop\UdemyMicroservices\Services\Catalog\FreeCourse.Services.Catalog\Dockerfile", "Docker", 0, 0, 12, 0, 0, 0, 0, 0, 0, 0, 0, 0, 0, 3, 15
"c:\Users\User\Desktop\UdemyMicroservices\Services\Catalog\FreeCourse.Services.Catalog\Entities\Category.cs", "C#", 0, 10, 0, 0, 0, 0, 0, 0, 0, 0, 0, 0, 0, 3, 13
"c:\Users\User\Desktop\UdemyMicroservices\Services\Catalog\FreeCourse.Services.Catalog\Entities\Course.cs", "C#", 0, 22, 0, 0, 0, 0, 0, 0, 0, 0, 0, 0, 0, 7, 29
"c:\Users\User\Desktop\UdemyMicroservices\Services\Catalog\FreeCourse.Services.Catalog\Entities\Feature.cs", "C#", 0, 5, 0, 0, 0, 0, 0, 0, 0, 0, 0, 0, 0, 2, 7
"c:\Users\User\Desktop\UdemyMicroservices\Services\Catalog\FreeCourse.Services.Catalog\FreeCourse.Services.Catalog.csproj", "XML", 19, 0, 0, 0, 0, 0, 0, 0, 0, 0, 0, 0, 0, 5, 24
"c:\Users\User\Desktop\UdemyMicroservices\Services\Catalog\FreeCourse.Services.Catalog\Mapping\MapProfile.cs", "C#", 0, 15, 0, 0, 0, 0, 0, 0, 0, 0, 0, 0, 0, 4, 19
"c:\Users\User\Desktop\UdemyMicroservices\Services\Catalog\FreeCourse.Services.Catalog\Program.cs", "C#", 0, 59, 0, 0, 0, 0, 0, 0, 0, 0, 0, 0, 4, 22, 85
"c:\Users\User\Desktop\UdemyMicroservices\Services\Catalog\FreeCourse.Services.Catalog\Properties\launchSettings.json", "JSON", 0, 0, 0, 41, 0, 0, 0, 0, 0, 0, 0, 0, 0, 0, 41
"c:\Users\User\Desktop\UdemyMicroservices\Services\Catalog\FreeCourse.Services.Catalog\Services\CategoryService.cs", "C#", 0, 45, 0, 0, 0, 0, 0, 0, 0, 0, 0, 0, 0, 11, 56
"c:\Users\User\Desktop\UdemyMicroservices\Services\Catalog\FreeCourse.Services.Catalog\Services\CourseService.cs", "C#", 0, 92, 0, 0, 0, 0, 0, 0, 0, 0, 0, 0, 0, 25, 117
"c:\Users\User\Desktop\UdemyMicroservices\Services\Catalog\FreeCourse.Services.Catalog\Services\ICategoryService.cs", "C#", 0, 9, 0, 0, 0, 0, 0, 0, 0, 0, 0, 0, 0, 3, 12
"c:\Users\User\Desktop\UdemyMicroservices\Services\Catalog\FreeCourse.Services.Catalog\Services\ICourseService.cs", "C#", 0, 12, 0, 0, 0, 0, 0, 0, 0, 0, 0, 0, 0, 3, 15
"c:\Users\User\Desktop\UdemyMicroservices\Services\Catalog\FreeCourse.Services.Catalog\Settings\DatabaseSettings.cs", "C#", 0, 8, 0, 0, 0, 0, 0, 0, 0, 0, 0, 0, 0, 2, 10
"c:\Users\User\Desktop\UdemyMicroservices\Services\Catalog\FreeCourse.Services.Catalog\Settings\IDatabaseSettings.cs", "C#", 0, 8, 0, 0, 0, 0, 0, 0, 0, 0, 0, 0, 0, 2, 10
"c:\Users\User\Desktop\UdemyMicroservices\Services\Catalog\FreeCourse.Services.Catalog\appsettings.Development.json", "JSON", 0, 0, 0, 8, 0, 0, 0, 0, 0, 0, 0, 0, 0, 1, 9
"c:\Users\User\Desktop\UdemyMicroservices\Services\Catalog\FreeCourse.Services.Catalog\appsettings.json", "JSON", 0, 0, 0, 17, 0, 0, 0, 0, 0, 0, 0, 0, 0, 1, 18
"c:\Users\User\Desktop\UdemyMicroservices\Services\Discount\FreeCourse.Services.Discount\Controllers\DiscountsController.cs", "C#", 0, 36, 0, 0, 0, 0, 0, 0, 0, 0, 0, 0, 0, 10, 46
"c:\Users\User\Desktop\UdemyMicroservices\Services\Discount\FreeCourse.Services.Discount\Dockerfile", "Docker", 0, 0, 12, 0, 0, 0, 0, 0, 0, 0, 0, 0, 0, 3, 15
"c:\Users\User\Desktop\UdemyMicroservices\Services\Discount\FreeCourse.Services.Discount\Entities\Discount.cs", "C#", 0, 10, 0, 0, 0, 0, 0, 0, 0, 0, 0, 0, 0, 2, 12
"c:\Users\User\Desktop\UdemyMicroservices\Services\Discount\FreeCourse.Services.Discount\FreeCourse.Services.Discount.csproj", "XML", 17, 0, 0, 0, 0, 0, 0, 0, 0, 0, 0, 0, 0, 5, 22
"c:\Users\User\Desktop\UdemyMicroservices\Services\Discount\FreeCourse.Services.Discount\Program.cs", "C#", 0, 34, 0, 0, 0, 0, 0, 0, 0, 0, 0, 0, 5, 15, 54
"c:\Users\User\Desktop\UdemyMicroservices\Services\Discount\FreeCourse.Services.Discount\Properties\launchSettings.json", "JSON", 0, 0, 0, 41, 0, 0, 0, 0, 0, 0, 0, 0, 0, 1, 42
"c:\Users\User\Desktop\UdemyMicroservices\Services\Discount\FreeCourse.Services.Discount\Services\DiscountService.cs", "C#", 0, 63, 0, 0, 0, 0, 0, 0, 0, 0, 0, 0, 2, 24, 89
"c:\Users\User\Desktop\UdemyMicroservices\Services\Discount\FreeCourse.Services.Discount\Services\IDiscountService.cs", "C#", 0, 11, 0, 0, 0, 0, 0, 0, 0, 0, 0, 0, 0, 4, 15
"c:\Users\User\Desktop\UdemyMicroservices\Services\Discount\FreeCourse.Services.Discount\appsettings.Development.json", "JSON", 0, 0, 0, 8, 0, 0, 0, 0, 0, 0, 0, 0, 0, 1, 9
"c:\Users\User\Desktop\UdemyMicroservices\Services\Discount\FreeCourse.Services.Discount\appsettings.json", "JSON", 0, 0, 0, 13, 0, 0, 0, 0, 0, 0, 0, 0, 0, 1, 14
"c:\Users\User\Desktop\UdemyMicroservices\Services\Order\FreeCourse.Services.Order.API\Controllers\OrdersController.cs", "C#", 0, 32, 0, 0, 0, 0, 0, 0, 0, 0, 0, 0, 0, 6, 38
"c:\Users\User\Desktop\UdemyMicroservices\Services\Order\FreeCourse.Services.Order.API\Dockerfile", "Docker", 0, 0, 16, 0, 0, 0, 0, 0, 0, 0, 0, 0, 0, 5, 21
"c:\Users\User\Desktop\UdemyMicroservices\Services\Order\FreeCourse.Services.Order.API\FreeCourse.Services.Order.API.csproj", "XML", 19, 0, 0, 0, 0, 0, 0, 0, 0, 0, 0, 0, 0, 5, 24
"c:\Users\User\Desktop\UdemyMicroservices\Services\Order\FreeCourse.Services.Order.API\Program.cs", "C#", 0, 72, 0, 0, 0, 0, 0, 0, 0, 0, 0, 0, 5, 20, 97
"c:\Users\User\Desktop\UdemyMicroservices\Services\Order\FreeCourse.Services.Order.API\Properties\launchSettings.json", "JSON", 0, 0, 0, 41, 0, 0, 0, 0, 0, 0, 0, 0, 0, 1, 42
"c:\Users\User\Desktop\UdemyMicroservices\Services\Order\FreeCourse.Services.Order.API\appsettings.Development.json", "JSON", 0, 0, 0, 8, 0, 0, 0, 0, 0, 0, 0, 0, 0, 1, 9
"c:\Users\User\Desktop\UdemyMicroservices\Services\Order\FreeCourse.Services.Order.API\appsettings.json", "JSON", 0, 0, 0, 14, 0, 0, 0, 0, 0, 0, 0, 0, 0, 1, 15
"c:\Users\User\Desktop\UdemyMicroservices\Services\Order\FreeCourse.Services.Order.Application\Commands\CreateOrderCommand.cs", "C#", 0, 10, 0, 0, 0, 0, 0, 0, 0, 0, 0, 0, 0, 3, 13
"c:\Users\User\Desktop\UdemyMicroservices\Services\Order\FreeCourse.Services.Order.Application\Consumers\CourseNameChangedEventConsumer.cs", "C#", 0, 22, 0, 0, 0, 0, 0, 0, 0, 0, 0, 0, 0, 7, 29
"c:\Users\User\Desktop\UdemyMicroservices\Services\Order\FreeCourse.Services.Order.Application\Consumers\CreateOrderMessageCommandConsumer.cs", "C#", 0, 27, 0, 0, 0, 0, 0, 0, 0, 0, 0, 0, 0, 7, 34
"c:\Users\User\Desktop\UdemyMicroservices\Services\Order\FreeCourse.Services.Order.Application\DTOs\AddressDto.cs", "C#", 0, 9, 0, 0, 0, 0, 0, 0, 0, 0, 0, 0, 0, 2, 11
"c:\Users\User\Desktop\UdemyMicroservices\Services\Order\FreeCourse.Services.Order.Application\DTOs\CreatedOrderDto.cs", "C#", 0, 5, 0, 0, 0, 0, 0, 0, 0, 0, 0, 0, 0, 2, 7
"c:\Users\User\Desktop\UdemyMicroservices\Services\Order\FreeCourse.Services.Order.Application\DTOs\OrderDto.cs", "C#", 0, 9, 0, 0, 0, 0, 0, 0, 0, 0, 0, 0, 0, 2, 11
"c:\Users\User\Desktop\UdemyMicroservices\Services\Order\FreeCourse.Services.Order.Application\DTOs\OrderItemDto.cs", "C#", 0, 8, 0, 0, 0, 0, 0, 0, 0, 0, 0, 0, 0, 2, 10
"c:\Users\User\Desktop\UdemyMicroservices\Services\Order\FreeCourse.Services.Order.Application\FreeCourse.Services.Order.Application.csproj", "XML", 17, 0, 0, 0, 0, 0, 0, 0, 0, 0, 0, 0, 0, 5, 22
"c:\Users\User\Desktop\UdemyMicroservices\Services\Order\FreeCourse.Services.Order.Application\Handlers\CreateOrderCommandHandler.cs", "C#", 0, 29, 0, 0, 0, 0, 0, 0, 0, 0, 0, 0, 0, 7, 36
"c:\Users\User\Desktop\UdemyMicroservices\Services\Order\FreeCourse.Services.Order.Application\Handlers\GetOrdersByUserIdQueryHandler.cs", "C#", 0, 24, 0, 0, 0, 0, 0, 0, 0, 0, 0, 0, 0, 8, 32
"c:\Users\User\Desktop\UdemyMicroservices\Services\Order\FreeCourse.Services.Order.Application\Mapping\CustomMapping.cs", "C#", 0, 13, 0, 0, 0, 0, 0, 0, 0, 0, 0, 0, 0, 3, 16
"c:\Users\User\Desktop\UdemyMicroservices\Services\Order\FreeCourse.Services.Order.Application\Mapping\ObjectMapper.cs", "C#", 0, 14, 0, 0, 0, 0, 0, 0, 0, 0, 0, 0, 0, 5, 19
"c:\Users\User\Desktop\UdemyMicroservices\Services\Order\FreeCourse.Services.Order.Application\Queries\GetOrdersByUserIdQuery.cs", "C#", 0, 8, 0, 0, 0, 0, 0, 0, 0, 0, 0, 0, 0, 3, 11
"c:\Users\User\Desktop\UdemyMicroservices\Services\Order\FreeCourse.Services.Order.Domain.Core\Entity.cs", "C#", 0, 54, 0, 0, 0, 0, 0, 0, 0, 0, 0, 0, 0, 14, 68
"c:\Users\User\Desktop\UdemyMicroservices\Services\Order\FreeCourse.Services.Order.Domain.Core\FreeCourse.Services.Order.Domain.Core.csproj", "XML", 7, 0, 0, 0, 0, 0, 0, 0, 0, 0, 0, 0, 0, 3, 10
"c:\Users\User\Desktop\UdemyMicroservices\Services\Order\FreeCourse.Services.Order.Domain.Core\IAggregateRoot.cs", "C#", 0, 2, 0, 0, 0, 0, 0, 0, 0, 0, 0, 0, 0, 2, 4
"c:\Users\User\Desktop\UdemyMicroservices\Services\Order\FreeCourse.Services.Order.Domain.Core\ValueObject.cs", "C#", 0, 36, 0, 0, 0, 0, 0, 0, 0, 0, 0, 0, 0, 10, 46
"c:\Users\User\Desktop\UdemyMicroservices\Services\Order\FreeCourse.Services.Order.Domain\FreeCourse.Services.Order.Domain.csproj", "XML", 13, 0, 0, 0, 0, 0, 0, 0, 0, 0, 0, 0, 0, 5, 18
"c:\Users\User\Desktop\UdemyMicroservices\Services\Order\FreeCourse.Services.Order.Domain\OrderAggregate\Address.cs", "C#", 0, 26, 0, 0, 0, 0, 0, 0, 0, 0, 0, 0, 0, 5, 31
"c:\Users\User\Desktop\UdemyMicroservices\Services\Order\FreeCourse.Services.Order.Domain\OrderAggregate\Order.cs", "C#", 0, 28, 0, 0, 0, 0, 0, 0, 0, 0, 0, 0, 1, 8, 37
"c:\Users\User\Desktop\UdemyMicroservices\Services\Order\FreeCourse.Services.Order.Domain\OrderAggregate\OrderItem.cs", "C#", 0, 23, 0, 0, 0, 0, 0, 0, 0, 0, 0, 0, 1, 5, 29
"c:\Users\User\Desktop\UdemyMicroservices\Services\Order\FreeCourse.Services.Order.Infrastructure\FreeCourse.Services.Order.Infrastructure.csproj", "XML", 18, 0, 0, 0, 0, 0, 0, 0, 0, 0, 0, 0, 0, 5, 23
"c:\Users\User\Desktop\UdemyMicroservices\Services\Order\FreeCourse.Services.Order.Infrastructure\Migrations\20230323114234_initial.Designer.cs", "C#", 0, 101, 0, 0, 0, 0, 0, 0, 0, 0, 0, 0, 2, 32, 135
"c:\Users\User\Desktop\UdemyMicroservices\Services\Order\FreeCourse.Services.Order.Infrastructure\Migrations\20230323114234_initial.cs", "C#", 0, 70, 0, 0, 0, 0, 0, 0, 0, 0, 0, 0, 3, 8, 81
"c:\Users\User\Desktop\UdemyMicroservices\Services\Order\FreeCourse.Services.Order.Infrastructure\Migrations\OrderDbContextModelSnapshot.cs", "C#", 0, 99, 0, 0, 0, 0, 0, 0, 0, 0, 0, 0, 1, 32, 132
"c:\Users\User\Desktop\UdemyMicroservices\Services\Order\FreeCourse.Services.Order.Infrastructure\OrderDbContext.cs", "C#", 0, 17, 0, 0, 0, 0, 0, 0, 0, 0, 0, 0, 0, 8, 25
"c:\Users\User\Desktop\UdemyMicroservices\Services\Payment\FreeCourse.Services.Payment\Controllers\PaymentsController.cs", "C#", 0, 79, 0, 0, 0, 0, 0, 0, 0, 0, 0, 0, 1, 18, 98
"c:\Users\User\Desktop\UdemyMicroservices\Services\Payment\FreeCourse.Services.Payment\Dockerfile", "Docker", 0, 0, 12, 0, 0, 0, 0, 0, 0, 0, 0, 0, 0, 3, 15
"c:\Users\User\Desktop\UdemyMicroservices\Services\Payment\FreeCourse.Services.Payment\FreeCourse.Services.Payment.csproj", "XML", 18, 0, 0, 0, 0, 0, 0, 0, 0, 0, 0, 0, 0, 5, 23
"c:\Users\User\Desktop\UdemyMicroservices\Services\Payment\FreeCourse.Services.Payment\Models\OrderDto.cs", "C#", 0, 26, 0, 0, 0, 0, 0, 0, 0, 0, 0, 0, 0, 3, 29
"c:\Users\User\Desktop\UdemyMicroservices\Services\Payment\FreeCourse.Services.Payment\Models\PaymentDto.cs", "C#", 0, 10, 0, 0, 0, 0, 0, 0, 0, 0, 0, 0, 0, 3, 13
"c:\Users\User\Desktop\UdemyMicroservices\Services\Payment\FreeCourse.Services.Payment\Program.cs", "C#", 0, 41, 0, 0, 0, 0, 0, 0, 0, 0, 0, 0, 6, 15, 62
"c:\Users\User\Desktop\UdemyMicroservices\Services\Payment\FreeCourse.Services.Payment\Properties\launchSettings.json", "JSON", 0, 0, 0, 41, 0, 0, 0, 0, 0, 0, 0, 0, 0, 1, 42
"c:\Users\User\Desktop\UdemyMicroservices\Services\Payment\FreeCourse.Services.Payment\appsettings.Development.json", "JSON", 0, 0, 0, 8, 0, 0, 0, 0, 0, 0, 0, 0, 0, 1, 9
"c:\Users\User\Desktop\UdemyMicroservices\Services\Payment\FreeCourse.Services.Payment\appsettings.json", "JSON", 0, 0, 0, 11, 0, 0, 0, 0, 0, 0, 0, 0, 0, 1, 12
"c:\Users\User\Desktop\UdemyMicroservices\Services\PhotoStock\FreeCourse.Services.PhotoStock\Controllers\PhotosController.cs", "C#", 0, 33, 0, 0, 0, 0, 0, 0, 0, 0, 0, 0, 0, 10, 43
"c:\Users\User\Desktop\UdemyMicroservices\Services\PhotoStock\FreeCourse.Services.PhotoStock\DTOs\PhotoDto.cs", "C#", 0, 5, 0, 0, 0, 0, 0, 0, 0, 0, 0, 0, 0, 2, 7
"c:\Users\User\Desktop\UdemyMicroservices\Services\PhotoStock\FreeCourse.Services.PhotoStock\Dockerfile", "Docker", 0, 0, 12, 0, 0, 0, 0, 0, 0, 0, 0, 0, 0, 3, 15
"c:\Users\User\Desktop\UdemyMicroservices\Services\PhotoStock\FreeCourse.Services.PhotoStock\FreeCourse.Services.PhotoStock.csproj", "XML", 18, 0, 0, 0, 0, 0, 0, 0, 0, 0, 0, 0, 0, 6, 24
"c:\Users\User\Desktop\UdemyMicroservices\Services\PhotoStock\FreeCourse.Services.PhotoStock\Program.cs", "C#", 0, 26, 0, 0, 0, 0, 0, 0, 0, 0, 0, 0, 3, 10, 39
"c:\Users\User\Desktop\UdemyMicroservices\Services\PhotoStock\FreeCourse.Services.PhotoStock\Properties\launchSettings.json", "JSON", 0, 0, 0, 41, 0, 0, 0, 0, 0, 0, 0, 0, 0, 1, 42
"c:\Users\User\Desktop\UdemyMicroservices\Services\PhotoStock\FreeCourse.Services.PhotoStock\appsettings.Development.json", "JSON", 0, 0, 0, 8, 0, 0, 0, 0, 0, 0, 0, 0, 0, 1, 9
"c:\Users\User\Desktop\UdemyMicroservices\Services\PhotoStock\FreeCourse.Services.PhotoStock\appsettings.json", "JSON", 0, 0, 0, 10, 0, 0, 0, 0, 0, 0, 0, 0, 0, 1, 11
"c:\Users\User\Desktop\UdemyMicroservices\Shared\FreeCourse.Shared\ControllerBases\CustomBaseController.cs", "C#", 0, 15, 0, 0, 0, 0, 0, 0, 0, 0, 0, 0, 0, 2, 17
"c:\Users\User\Desktop\UdemyMicroservices\Shared\FreeCourse.Shared\DTOs\AccessTokenDto.cs", "C#", 0, 7, 0, 0, 0, 0, 0, 0, 0, 0, 0, 0, 0, 1, 8
"c:\Users\User\Desktop\UdemyMicroservices\Shared\FreeCourse.Shared\DTOs\ErrorDto.cs", "C#", 0, 8, 0, 0, 0, 0, 0, 0, 0, 0, 0, 0, 0, 2, 10
"c:\Users\User\Desktop\UdemyMicroservices\Shared\FreeCourse.Shared\DTOs\NoContent.cs", "C#", 0, 6, 0, 0, 0, 0, 0, 0, 0, 0, 0, 0, 0, 1, 7
"c:\Users\User\Desktop\UdemyMicroservices\Shared\FreeCourse.Shared\DTOs\Response.cs", "C#", 0, 50, 0, 0, 0, 0, 0, 0, 0, 0, 0, 0, 1, 7, 58
"c:\Users\User\Desktop\UdemyMicroservices\Shared\FreeCourse.Shared\FreeCourse.Shared.csproj", "XML", 8, 0, 0, 0, 0, 0, 0, 0, 0, 0, 0, 0, 0, 2, 10
"c:\Users\User\Desktop\UdemyMicroservices\Shared\FreeCourse.Shared\Messages\CourseNameChangedEvent.cs", "C#", 0, 8, 0, 0, 0, 0, 0, 0, 0, 0, 0, 0, 0, 1, 9
"c:\Users\User\Desktop\UdemyMicroservices\Shared\FreeCourse.Shared\Messages\CreateOrderMessageCommand.cs", "C#", 0, 25, 0, 0, 0, 0, 0, 0, 0, 0, 0, 0, 0, 4, 29
"c:\Users\User\Desktop\UdemyMicroservices\Shared\FreeCourse.Shared\Services\ISharedIdentityService.cs", "C#", 0, 7, 0, 0, 0, 0, 0, 0, 0, 0, 0, 0, 0, 1, 8
"c:\Users\User\Desktop\UdemyMicroservices\Shared\FreeCourse.Shared\Services\SharedIdentityService.cs", "C#", 0, 11, 0, 0, 0, 0, 0, 0, 0, 0, 0, 0, 0, 4, 15
"c:\Users\User\Desktop\UdemyMicroservices\docker-compose.override.yml", "YAML", 0, 0, 0, 0, 0, 0, 0, 0, 0, 0, 148, 0, 0, 2, 150
"c:\Users\User\Desktop\UdemyMicroservices\docker-compose.yml", "YAML", 0, 0, 0, 0, 0, 0, 0, 0, 0, 0, 64, 0, 0, 3, 67
"Total", "-", 659, 5698, 111, 753, 184, 1, 5137, 13034, 5496, 20989, 212, 58, 6877, 10724, 69933